PA,SZ,AG,Pop,Time
Ang Mo Kio,Ang Mo Kio Town Centre,0_to_4,170,2020
Ang Mo Kio,Ang Mo Kio Town Centre,10_to_14,280,2020
Ang Mo Kio,Ang Mo Kio Town Centre,15_to_19,340,2020
Ang Mo Kio,Ang Mo Kio Town Centre,20_to_24,270,2020
Ang Mo Kio,Ang Mo Kio Town Centre,25_to_29,260,2020
Ang Mo Kio,Ang Mo Kio Town Centre,30_to_34,310,2020
Ang Mo Kio,Ang Mo Kio Town Centre,35_to_39,330,2020
Ang Mo Kio,Ang Mo Kio Town Centre,40_to_44,400,2020
Ang Mo Kio,Ang Mo Kio Town Centre,45_to_49,480,2020
Ang Mo Kio,Ang Mo Kio Town Centre,50_to_54,380,2020
Ang Mo Kio,Ang Mo Kio Town Centre,55_to_59,310,2020
Ang Mo Kio,Ang Mo Kio Town Centre,5_to_9,230,2020
Ang Mo Kio,Ang Mo Kio Town Centre,60_to_64,290,2020
Ang Mo Kio,Ang Mo Kio Town Centre,65_to_69,250,2020
Ang Mo Kio,Ang Mo Kio Town Centre,70_to_74,240,2020
Ang Mo Kio,Ang Mo Kio Town Centre,75_to_79,130,2020
Ang Mo Kio,Ang Mo Kio Town Centre,80_to_84,100,2020
Ang Mo Kio,Ang Mo Kio Town Centre,85_to_89,30,2020
Ang Mo Kio,Ang Mo Kio Town Centre,90_and_over,10,2020
Ang Mo Kio,Cheng San,0_to_4,1060,2020
Ang Mo Kio,Cheng San,10_to_14,1040,2020
Ang Mo Kio,Cheng San,15_to_19,1160,2020
Ang Mo Kio,Cheng San,20_to_24,1330,2020
Ang Mo Kio,Cheng San,25_to_29,1720,2020
Ang Mo Kio,Cheng San,30_to_34,2020,2020
Ang Mo Kio,Cheng San,35_to_39,2150,2020
Ang Mo Kio,Cheng San,40_to_44,2080,2020
Ang Mo Kio,Cheng San,45_to_49,2200,2020
Ang Mo Kio,Cheng San,50_to_54,2050,2020
Ang Mo Kio,Cheng San,55_to_59,2130,2020
Ang Mo Kio,Cheng San,5_to_9,1050,2020
Ang Mo Kio,Cheng San,60_to_64,2110,2020
Ang Mo Kio,Cheng San,65_to_69,2180,2020
Ang Mo Kio,Cheng San,70_to_74,1750,2020
Ang Mo Kio,Cheng San,75_to_79,960,2020
Ang Mo Kio,Cheng San,80_to_84,650,2020
Ang Mo Kio,Cheng San,85_to_89,340,2020
Ang Mo Kio,Cheng San,90_and_over,170,2020
Ang Mo Kio,Chong Boon,0_to_4,850,2020
Ang Mo Kio,Chong Boon,10_to_14,1020,2020
Ang Mo Kio,Chong Boon,15_to_19,1070,2020
Ang Mo Kio,Chong Boon,20_to_24,1310,2020
Ang Mo Kio,Chong Boon,25_to_29,1610,2020
Ang Mo Kio,Chong Boon,30_to_34,1890,2020
Ang Mo Kio,Chong Boon,35_to_39,1720,2020
Ang Mo Kio,Chong Boon,40_to_44,1810,2020
Ang Mo Kio,Chong Boon,45_to_49,1820,2020
Ang Mo Kio,Chong Boon,50_to_54,1900,2020
Ang Mo Kio,Chong Boon,55_to_59,2100,2020
Ang Mo Kio,Chong Boon,5_to_9,850,2020
Ang Mo Kio,Chong Boon,60_to_64,2150,2020
Ang Mo Kio,Chong Boon,65_to_69,2100,2020
Ang Mo Kio,Chong Boon,70_to_74,1800,2020
Ang Mo Kio,Chong Boon,75_to_79,1120,2020
Ang Mo Kio,Chong Boon,80_to_84,800,2020
Ang Mo Kio,Chong Boon,85_to_89,430,2020
Ang Mo Kio,Chong Boon,90_and_over,220,2020
Ang Mo Kio,Kebun Bahru,0_to_4,680,2020
Ang Mo Kio,Kebun Bahru,10_to_14,960,2020
Ang Mo Kio,Kebun Bahru,15_to_19,1010,2020
Ang Mo Kio,Kebun Bahru,20_to_24,1170,2020
Ang Mo Kio,Kebun Bahru,25_to_29,1410,2020
Ang Mo Kio,Kebun Bahru,30_to_34,1420,2020
Ang Mo Kio,Kebun Bahru,35_to_39,1440,2020
Ang Mo Kio,Kebun Bahru,40_to_44,1630,2020
Ang Mo Kio,Kebun Bahru,45_to_49,1810,2020
Ang Mo Kio,Kebun Bahru,50_to_54,1720,2020
Ang Mo Kio,Kebun Bahru,55_to_59,1800,2020
Ang Mo Kio,Kebun Bahru,5_to_9,800,2020
Ang Mo Kio,Kebun Bahru,60_to_64,1780,2020
Ang Mo Kio,Kebun Bahru,65_to_69,1710,2020
Ang Mo Kio,Kebun Bahru,70_to_74,1450,2020
Ang Mo Kio,Kebun Bahru,75_to_79,830,2020
Ang Mo Kio,Kebun Bahru,80_to_84,630,2020
Ang Mo Kio,Kebun Bahru,85_to_89,350,2020
Ang Mo Kio,Kebun Bahru,90_and_over,150,2020
Ang Mo Kio,Sembawang Hills,0_to_4,210,2020
Ang Mo Kio,Sembawang Hills,10_to_14,400,2020
Ang Mo Kio,Sembawang Hills,15_to_19,450,2020
Ang Mo Kio,Sembawang Hills,20_to_24,500,2020
Ang Mo Kio,Sembawang Hills,25_to_29,500,2020
Ang Mo Kio,Sembawang Hills,30_to_34,340,2020
Ang Mo Kio,Sembawang Hills,35_to_39,300,2020
Ang Mo Kio,Sembawang Hills,40_to_44,370,2020
Ang Mo Kio,Sembawang Hills,45_to_49,550,2020
Ang Mo Kio,Sembawang Hills,50_to_54,540,2020
Ang Mo Kio,Sembawang Hills,55_to_59,550,2020
Ang Mo Kio,Sembawang Hills,5_to_9,320,2020
Ang Mo Kio,Sembawang Hills,60_to_64,480,2020
Ang Mo Kio,Sembawang Hills,65_to_69,410,2020
Ang Mo Kio,Sembawang Hills,70_to_74,360,2020
Ang Mo Kio,Sembawang Hills,75_to_79,230,2020
Ang Mo Kio,Sembawang Hills,80_to_84,150,2020
Ang Mo Kio,Sembawang Hills,85_to_89,100,2020
Ang Mo Kio,Sembawang Hills,90_and_over,60,2020
Ang Mo Kio,Shangri-La,0_to_4,560,2020
Ang Mo Kio,Shangri-La,10_to_14,640,2020
Ang Mo Kio,Shangri-La,15_to_19,700,2020
Ang Mo Kio,Shangri-La,20_to_24,860,2020
Ang Mo Kio,Shangri-La,25_to_29,970,2020
Ang Mo Kio,Shangri-La,30_to_34,1030,2020
Ang Mo Kio,Shangri-La,35_to_39,980,2020
Ang Mo Kio,Shangri-La,40_to_44,1010,2020
Ang Mo Kio,Shangri-La,45_to_49,1190,2020
Ang Mo Kio,Shangri-La,50_to_54,1200,2020
Ang Mo Kio,Shangri-La,55_to_59,1390,2020
Ang Mo Kio,Shangri-La,5_to_9,570,2020
Ang Mo Kio,Shangri-La,60_to_64,1280,2020
Ang Mo Kio,Shangri-La,65_to_69,1200,2020
Ang Mo Kio,Shangri-La,70_to_74,970,2020
Ang Mo Kio,Shangri-La,75_to_79,630,2020
Ang Mo Kio,Shangri-La,80_to_84,430,2020
Ang Mo Kio,Shangri-La,85_to_89,250,2020
Ang Mo Kio,Shangri-La,90_and_over,130,2020
Ang Mo Kio,Tagore,0_to_4,200,2020
Ang Mo Kio,Tagore,10_to_14,390,2020
Ang Mo Kio,Tagore,15_to_19,460,2020
Ang Mo Kio,Tagore,20_to_24,590,2020
Ang Mo Kio,Tagore,25_to_29,680,2020
Ang Mo Kio,Tagore,30_to_34,500,2020
Ang Mo Kio,Tagore,35_to_39,330,2020
Ang Mo Kio,Tagore,40_to_44,430,2020
Ang Mo Kio,Tagore,45_to_49,580,2020
Ang Mo Kio,Tagore,50_to_54,580,2020
Ang Mo Kio,Tagore,55_to_59,660,2020
Ang Mo Kio,Tagore,5_to_9,300,2020
Ang Mo Kio,Tagore,60_to_64,720,2020
Ang Mo Kio,Tagore,65_to_69,560,2020
Ang Mo Kio,Tagore,70_to_74,390,2020
Ang Mo Kio,Tagore,75_to_79,210,2020
Ang Mo Kio,Tagore,80_to_84,190,2020
Ang Mo Kio,Tagore,85_to_89,110,2020
Ang Mo Kio,Tagore,90_and_over,70,2020
Ang Mo Kio,Townsville,0_to_4,670,2020
Ang Mo Kio,Townsville,10_to_14,930,2020
Ang Mo Kio,Townsville,15_to_19,830,2020
Ang Mo Kio,Townsville,20_to_24,890,2020
Ang Mo Kio,Townsville,25_to_29,1310,2020
Ang Mo Kio,Townsville,30_to_34,1410,2020
Ang Mo Kio,Townsville,35_to_39,1420,2020
Ang Mo Kio,Townsville,40_to_44,1640,2020
Ang Mo Kio,Townsville,45_to_49,1580,2020
Ang Mo Kio,Townsville,50_to_54,1370,2020
Ang Mo Kio,Townsville,55_to_59,1570,2020
Ang Mo Kio,Townsville,5_to_9,870,2020
Ang Mo Kio,Townsville,60_to_64,1650,2020
Ang Mo Kio,Townsville,65_to_69,1530,2020
Ang Mo Kio,Townsville,70_to_74,1430,2020
Ang Mo Kio,Townsville,75_to_79,890,2020
Ang Mo Kio,Townsville,80_to_84,700,2020
Ang Mo Kio,Townsville,85_to_89,360,2020
Ang Mo Kio,Townsville,90_and_over,190,2020
Ang Mo Kio,Yio Chu Kang,0_to_4,0,2020
Ang Mo Kio,Yio Chu Kang,10_to_14,0,2020
Ang Mo Kio,Yio Chu Kang,15_to_19,0,2020
Ang Mo Kio,Yio Chu Kang,20_to_24,0,2020
Ang Mo Kio,Yio Chu Kang,25_to_29,0,2020
Ang Mo Kio,Yio Chu Kang,30_to_34,0,2020
Ang Mo Kio,Yio Chu Kang,35_to_39,0,2020
Ang Mo Kio,Yio Chu Kang,40_to_44,0,2020
Ang Mo Kio,Yio Chu Kang,45_to_49,0,2020
Ang Mo Kio,Yio Chu Kang,50_to_54,0,2020
Ang Mo Kio,Yio Chu Kang,55_to_59,0,2020
Ang Mo Kio,Yio Chu Kang,5_to_9,0,2020
Ang Mo Kio,Yio Chu Kang,60_to_64,0,2020
Ang Mo Kio,Yio Chu Kang,65_to_69,0,2020
Ang Mo Kio,Yio Chu Kang,70_to_74,0,2020
Ang Mo Kio,Yio Chu Kang,75_to_79,0,2020
Ang Mo Kio,Yio Chu Kang,80_to_84,0,2020
Ang Mo Kio,Yio Chu Kang,85_to_89,0,2020
Ang Mo Kio,Yio Chu Kang,90_and_over,0,2020
Ang Mo Kio,Yio Chu Kang East,0_to_4,160,2020
Ang Mo Kio,Yio Chu Kang East,10_to_14,210,2020
Ang Mo Kio,Yio Chu Kang East,15_to_19,260,2020
Ang Mo Kio,Yio Chu Kang East,20_to_24,300,2020
Ang Mo Kio,Yio Chu Kang East,25_to_29,320,2020
Ang Mo Kio,Yio Chu Kang East,30_to_34,240,2020
Ang Mo Kio,Yio Chu Kang East,35_to_39,250,2020
Ang Mo Kio,Yio Chu Kang East,40_to_44,260,2020
Ang Mo Kio,Yio Chu Kang East,45_to_49,320,2020
Ang Mo Kio,Yio Chu Kang East,50_to_54,290,2020
Ang Mo Kio,Yio Chu Kang East,55_to_59,340,2020
Ang Mo Kio,Yio Chu Kang East,5_to_9,180,2020
Ang Mo Kio,Yio Chu Kang East,60_to_64,390,2020
Ang Mo Kio,Yio Chu Kang East,65_to_69,270,2020
Ang Mo Kio,Yio Chu Kang East,70_to_74,200,2020
Ang Mo Kio,Yio Chu Kang East,75_to_79,120,2020
Ang Mo Kio,Yio Chu Kang East,80_to_84,80,2020
Ang Mo Kio,Yio Chu Kang East,85_to_89,50,2020
Ang Mo Kio,Yio Chu Kang East,90_and_over,30,2020
Ang Mo Kio,Yio Chu Kang North,0_to_4,0,2020
Ang Mo Kio,Yio Chu Kang North,10_to_14,0,2020
Ang Mo Kio,Yio Chu Kang North,15_to_19,0,2020
Ang Mo Kio,Yio Chu Kang North,20_to_24,0,2020
Ang Mo Kio,Yio Chu Kang North,25_to_29,0,2020
Ang Mo Kio,Yio Chu Kang North,30_to_34,0,2020
Ang Mo Kio,Yio Chu Kang North,35_to_39,0,2020
Ang Mo Kio,Yio Chu Kang North,40_to_44,0,2020
Ang Mo Kio,Yio Chu Kang North,45_to_49,0,2020
Ang Mo Kio,Yio Chu Kang North,50_to_54,0,2020
Ang Mo Kio,Yio Chu Kang North,55_to_59,0,2020
Ang Mo Kio,Yio Chu Kang North,5_to_9,0,2020
Ang Mo Kio,Yio Chu Kang North,60_to_64,0,2020
Ang Mo Kio,Yio Chu Kang North,65_to_69,0,2020
Ang Mo Kio,Yio Chu Kang North,70_to_74,0,2020
Ang Mo Kio,Yio Chu Kang North,75_to_79,0,2020
Ang Mo Kio,Yio Chu Kang North,80_to_84,0,2020
Ang Mo Kio,Yio Chu Kang North,85_to_89,0,2020
Ang Mo Kio,Yio Chu Kang North,90_and_over,0,2020
Ang Mo Kio,Yio Chu Kang West,0_to_4,740,2020
Ang Mo Kio,Yio Chu Kang West,10_to_14,1190,2020
Ang Mo Kio,Yio Chu Kang West,15_to_19,1340,2020
Ang Mo Kio,Yio Chu Kang West,20_to_24,1470,2020
Ang Mo Kio,Yio Chu Kang West,25_to_29,1520,2020
Ang Mo Kio,Yio Chu Kang West,30_to_34,1400,2020
Ang Mo Kio,Yio Chu Kang West,35_to_39,1500,2020
Ang Mo Kio,Yio Chu Kang West,40_to_44,1720,2020
Ang Mo Kio,Yio Chu Kang West,45_to_49,1910,2020
Ang Mo Kio,Yio Chu Kang West,50_to_54,1850,2020
Ang Mo Kio,Yio Chu Kang West,55_to_59,1950,2020
Ang Mo Kio,Yio Chu Kang West,5_to_9,950,2020
Ang Mo Kio,Yio Chu Kang West,60_to_64,1900,2020
Ang Mo Kio,Yio Chu Kang West,65_to_69,1820,2020
Ang Mo Kio,Yio Chu Kang West,70_to_74,1380,2020
Ang Mo Kio,Yio Chu Kang West,75_to_79,650,2020
Ang Mo Kio,Yio Chu Kang West,80_to_84,480,2020
Ang Mo Kio,Yio Chu Kang West,85_to_89,250,2020
Ang Mo Kio,Yio Chu Kang West,90_and_over,100,2020
Bedok,Bayshore,0_to_4,340,2020
Bedok,Bayshore,10_to_14,480,2020
Bedok,Bayshore,15_to_19,440,2020
Bedok,Bayshore,20_to_24,360,2020
Bedok,Bayshore,25_to_29,310,2020
Bedok,Bayshore,30_to_34,350,2020
Bedok,Bayshore,35_to_39,550,2020
Bedok,Bayshore,40_to_44,770,2020
Bedok,Bayshore,45_to_49,860,2020
Bedok,Bayshore,50_to_54,650,2020
Bedok,Bayshore,55_to_59,520,2020
Bedok,Bayshore,5_to_9,490,2020
Bedok,Bayshore,60_to_64,400,2020
Bedok,Bayshore,65_to_69,360,2020
Bedok,Bayshore,70_to_74,290,2020
Bedok,Bayshore,75_to_79,130,2020
Bedok,Bayshore,80_to_84,90,2020
Bedok,Bayshore,85_to_89,50,2020
Bedok,Bayshore,90_and_over,50,2020
Bedok,Bedok North,0_to_4,2700,2020
Bedok,Bedok North,10_to_14,3450,2020
Bedok,Bedok North,15_to_19,4000,2020
Bedok,Bedok North,20_to_24,4760,2020
Bedok,Bedok North,25_to_29,5630,2020
Bedok,Bedok North,30_to_34,5290,2020
Bedok,Bedok North,35_to_39,5120,2020
Bedok,Bedok North,40_to_44,5680,2020
Bedok,Bedok North,45_to_49,5970,2020
Bedok,Bedok North,50_to_54,6030,2020
Bedok,Bedok North,55_to_59,6940,2020
Bedok,Bedok North,5_to_9,3090,2020
Bedok,Bedok North,60_to_64,6590,2020
Bedok,Bedok North,65_to_69,5990,2020
Bedok,Bedok North,70_to_74,4940,2020
Bedok,Bedok North,75_to_79,2560,2020
Bedok,Bedok North,80_to_84,1750,2020
Bedok,Bedok North,85_to_89,980,2020
Bedok,Bedok North,90_and_over,540,2020
Bedok,Bedok Reservoir,0_to_4,1090,2020
Bedok,Bedok Reservoir,10_to_14,1400,2020
Bedok,Bedok Reservoir,15_to_19,1510,2020
Bedok,Bedok Reservoir,20_to_24,1500,2020
Bedok,Bedok Reservoir,25_to_29,1600,2020
Bedok,Bedok Reservoir,30_to_34,1850,2020
Bedok,Bedok Reservoir,35_to_39,1900,2020
Bedok,Bedok Reservoir,40_to_44,2090,2020
Bedok,Bedok Reservoir,45_to_49,2120,2020
Bedok,Bedok Reservoir,50_to_54,1920,2020
Bedok,Bedok Reservoir,55_to_59,1840,2020
Bedok,Bedok Reservoir,5_to_9,1270,2020
Bedok,Bedok Reservoir,60_to_64,1790,2020
Bedok,Bedok Reservoir,65_to_69,1540,2020
Bedok,Bedok Reservoir,70_to_74,1040,2020
Bedok,Bedok Reservoir,75_to_79,470,2020
Bedok,Bedok Reservoir,80_to_84,330,2020
Bedok,Bedok Reservoir,85_to_89,170,2020
Bedok,Bedok Reservoir,90_and_over,100,2020
Bedok,Bedok South,0_to_4,1440,2020
Bedok,Bedok South,10_to_14,2150,2020
Bedok,Bedok South,15_to_19,2310,2020
Bedok,Bedok South,20_to_24,2750,2020
Bedok,Bedok South,25_to_29,3150,2020
Bedok,Bedok South,30_to_34,2930,2020
Bedok,Bedok South,35_to_39,2710,2020
Bedok,Bedok South,40_to_44,3080,2020
Bedok,Bedok South,45_to_49,3500,2020
Bedok,Bedok South,50_to_54,3450,2020
Bedok,Bedok South,55_to_59,3740,2020
Bedok,Bedok South,5_to_9,1720,2020
Bedok,Bedok South,60_to_64,3730,2020
Bedok,Bedok South,65_to_69,3380,2020
Bedok,Bedok South,70_to_74,2830,2020
Bedok,Bedok South,75_to_79,1660,2020
Bedok,Bedok South,80_to_84,1240,2020
Bedok,Bedok South,85_to_89,750,2020
Bedok,Bedok South,90_and_over,410,2020
Bedok,Frankel,0_to_4,1460,2020
Bedok,Frankel,10_to_14,2070,2020
Bedok,Frankel,15_to_19,1820,2020
Bedok,Frankel,20_to_24,1810,2020
Bedok,Frankel,25_to_29,2040,2020
Bedok,Frankel,30_to_34,2000,2020
Bedok,Frankel,35_to_39,2360,2020
Bedok,Frankel,40_to_44,2960,2020
Bedok,Frankel,45_to_49,3180,2020
Bedok,Frankel,50_to_54,2500,2020
Bedok,Frankel,55_to_59,2280,2020
Bedok,Frankel,5_to_9,2070,2020
Bedok,Frankel,60_to_64,2110,2020
Bedok,Frankel,65_to_69,1880,2020
Bedok,Frankel,70_to_74,1610,2020
Bedok,Frankel,75_to_79,850,2020
Bedok,Frankel,80_to_84,750,2020
Bedok,Frankel,85_to_89,470,2020
Bedok,Frankel,90_and_over,290,2020
Bedok,Kaki Bukit,0_to_4,1200,2020
Bedok,Kaki Bukit,10_to_14,1580,2020
Bedok,Kaki Bukit,15_to_19,1940,2020
Bedok,Kaki Bukit,20_to_24,2520,2020
Bedok,Kaki Bukit,25_to_29,3150,2020
Bedok,Kaki Bukit,30_to_34,2840,2020
Bedok,Kaki Bukit,35_to_39,2290,2020
Bedok,Kaki Bukit,40_to_44,2280,2020
Bedok,Kaki Bukit,45_to_49,2470,2020
Bedok,Kaki Bukit,50_to_54,2460,2020
Bedok,Kaki Bukit,55_to_59,3230,2020
Bedok,Kaki Bukit,5_to_9,1250,2020
Bedok,Kaki Bukit,60_to_64,3500,2020
Bedok,Kaki Bukit,65_to_69,2760,2020
Bedok,Kaki Bukit,70_to_74,1910,2020
Bedok,Kaki Bukit,75_to_79,820,2020
Bedok,Kaki Bukit,80_to_84,580,2020
Bedok,Kaki Bukit,85_to_89,270,2020
Bedok,Kaki Bukit,90_and_over,180,2020
Bedok,Kembangan,0_to_4,1390,2020
Bedok,Kembangan,10_to_14,1490,2020
Bedok,Kembangan,15_to_19,1800,2020
Bedok,Kembangan,20_to_24,2010,2020
Bedok,Kembangan,25_to_29,2620,2020
Bedok,Kembangan,30_to_34,2810,2020
Bedok,Kembangan,35_to_39,2530,2020
Bedok,Kembangan,40_to_44,2310,2020
Bedok,Kembangan,45_to_49,2520,2020
Bedok,Kembangan,50_to_54,2650,2020
Bedok,Kembangan,55_to_59,2930,2020
Bedok,Kembangan,5_to_9,1360,2020
Bedok,Kembangan,60_to_64,3240,2020
Bedok,Kembangan,65_to_69,2760,2020
Bedok,Kembangan,70_to_74,2180,2020
Bedok,Kembangan,75_to_79,1270,2020
Bedok,Kembangan,80_to_84,850,2020
Bedok,Kembangan,85_to_89,520,2020
Bedok,Kembangan,90_and_over,340,2020
Bedok,Siglap,0_to_4,160,2020
Bedok,Siglap,10_to_14,250,2020
Bedok,Siglap,15_to_19,310,2020
Bedok,Siglap,20_to_24,360,2020
Bedok,Siglap,25_to_29,400,2020
Bedok,Siglap,30_to_34,360,2020
Bedok,Siglap,35_to_39,320,2020
Bedok,Siglap,40_to_44,430,2020
Bedok,Siglap,45_to_49,520,2020
Bedok,Siglap,50_to_54,450,2020
Bedok,Siglap,55_to_59,460,2020
Bedok,Siglap,5_to_9,250,2020
Bedok,Siglap,60_to_64,500,2020
Bedok,Siglap,65_to_69,430,2020
Bedok,Siglap,70_to_74,480,2020
Bedok,Siglap,75_to_79,300,2020
Bedok,Siglap,80_to_84,250,2020
Bedok,Siglap,85_to_89,140,2020
Bedok,Siglap,90_and_over,70,2020
Bishan,Bishan East,0_to_4,860,2020
Bishan,Bishan East,10_to_14,1290,2020
Bishan,Bishan East,15_to_19,1390,2020
Bishan,Bishan East,20_to_24,1480,2020
Bishan,Bishan East,25_to_29,2300,2020
Bishan,Bishan East,30_to_34,2150,2020
Bishan,Bishan East,35_to_39,1730,2020
Bishan,Bishan East,40_to_44,1890,2020
Bishan,Bishan East,45_to_49,2150,2020
Bishan,Bishan East,50_to_54,1890,2020
Bishan,Bishan East,55_to_59,2100,2020
Bishan,Bishan East,5_to_9,1140,2020
Bishan,Bishan East,60_to_64,2430,2020
Bishan,Bishan East,65_to_69,2110,2020
Bishan,Bishan East,70_to_74,1560,2020
Bishan,Bishan East,75_to_79,830,2020
Bishan,Bishan East,80_to_84,590,2020
Bishan,Bishan East,85_to_89,320,2020
Bishan,Bishan East,90_and_over,150,2020
Bishan,Marymount,0_to_4,1010,2020
Bishan,Marymount,10_to_14,1520,2020
Bishan,Marymount,15_to_19,1680,2020
Bishan,Marymount,20_to_24,2040,2020
Bishan,Marymount,25_to_29,2650,2020
Bishan,Marymount,30_to_34,1850,2020
Bishan,Marymount,35_to_39,1770,2020
Bishan,Marymount,40_to_44,1960,2020
Bishan,Marymount,45_to_49,2240,2020
Bishan,Marymount,50_to_54,2190,2020
Bishan,Marymount,55_to_59,2530,2020
Bishan,Marymount,5_to_9,1340,2020
Bishan,Marymount,60_to_64,2360,2020
Bishan,Marymount,65_to_69,1800,2020
Bishan,Marymount,70_to_74,1240,2020
Bishan,Marymount,75_to_79,640,2020
Bishan,Marymount,80_to_84,450,2020
Bishan,Marymount,85_to_89,230,2020
Bishan,Marymount,90_and_over,140,2020
Bishan,Upper Thomson,0_to_4,930,2020
Bishan,Upper Thomson,10_to_14,1440,2020
Bishan,Upper Thomson,15_to_19,1560,2020
Bishan,Upper Thomson,20_to_24,1750,2020
Bishan,Upper Thomson,25_to_29,2030,2020
Bishan,Upper Thomson,30_to_34,1740,2020
Bishan,Upper Thomson,35_to_39,1590,2020
Bishan,Upper Thomson,40_to_44,1920,2020
Bishan,Upper Thomson,45_to_49,2340,2020
Bishan,Upper Thomson,50_to_54,2240,2020
Bishan,Upper Thomson,55_to_59,2310,2020
Bishan,Upper Thomson,5_to_9,1270,2020
Bishan,Upper Thomson,60_to_64,2370,2020
Bishan,Upper Thomson,65_to_69,1980,2020
Bishan,Upper Thomson,70_to_74,1590,2020
Bishan,Upper Thomson,75_to_79,1000,2020
Bishan,Upper Thomson,80_to_84,730,2020
Bishan,Upper Thomson,85_to_89,500,2020
Bishan,Upper Thomson,90_and_over,270,2020
Boon Lay,Liu Fang,0_to_4,0,2020
Boon Lay,Liu Fang,10_to_14,0,2020
Boon Lay,Liu Fang,15_to_19,0,2020
Boon Lay,Liu Fang,20_to_24,0,2020
Boon Lay,Liu Fang,25_to_29,0,2020
Boon Lay,Liu Fang,30_to_34,0,2020
Boon Lay,Liu Fang,35_to_39,0,2020
Boon Lay,Liu Fang,40_to_44,0,2020
Boon Lay,Liu Fang,45_to_49,0,2020
Boon Lay,Liu Fang,50_to_54,0,2020
Boon Lay,Liu Fang,55_to_59,0,2020
Boon Lay,Liu Fang,5_to_9,0,2020
Boon Lay,Liu Fang,60_to_64,0,2020
Boon Lay,Liu Fang,65_to_69,0,2020
Boon Lay,Liu Fang,70_to_74,0,2020
Boon Lay,Liu Fang,75_to_79,0,2020
Boon Lay,Liu Fang,80_to_84,0,2020
Boon Lay,Liu Fang,85_to_89,0,2020
Boon Lay,Liu Fang,90_and_over,0,2020
Boon Lay,Samulun,0_to_4,0,2020
Boon Lay,Samulun,10_to_14,0,2020
Boon Lay,Samulun,15_to_19,0,2020
Boon Lay,Samulun,20_to_24,0,2020
Boon Lay,Samulun,25_to_29,0,2020
Boon Lay,Samulun,30_to_34,0,2020
Boon Lay,Samulun,35_to_39,0,2020
Boon Lay,Samulun,40_to_44,0,2020
Boon Lay,Samulun,45_to_49,0,2020
Boon Lay,Samulun,50_to_54,0,2020
Boon Lay,Samulun,55_to_59,0,2020
Boon Lay,Samulun,5_to_9,0,2020
Boon Lay,Samulun,60_to_64,0,2020
Boon Lay,Samulun,65_to_69,0,2020
Boon Lay,Samulun,70_to_74,0,2020
Boon Lay,Samulun,75_to_79,0,2020
Boon Lay,Samulun,80_to_84,0,2020
Boon Lay,Samulun,85_to_89,0,2020
Boon Lay,Samulun,90_and_over,0,2020
Boon Lay,Shipyard,0_to_4,0,2020
Boon Lay,Shipyard,10_to_14,0,2020
Boon Lay,Shipyard,15_to_19,0,2020
Boon Lay,Shipyard,20_to_24,0,2020
Boon Lay,Shipyard,25_to_29,0,2020
Boon Lay,Shipyard,30_to_34,0,2020
Boon Lay,Shipyard,35_to_39,0,2020
Boon Lay,Shipyard,40_to_44,0,2020
Boon Lay,Shipyard,45_to_49,0,2020
Boon Lay,Shipyard,50_to_54,0,2020
Boon Lay,Shipyard,55_to_59,0,2020
Boon Lay,Shipyard,5_to_9,0,2020
Boon Lay,Shipyard,60_to_64,0,2020
Boon Lay,Shipyard,65_to_69,0,2020
Boon Lay,Shipyard,70_to_74,0,2020
Boon Lay,Shipyard,75_to_79,0,2020
Boon Lay,Shipyard,80_to_84,0,2020
Boon Lay,Shipyard,85_to_89,0,2020
Boon Lay,Shipyard,90_and_over,0,2020
Boon Lay,Tukang,0_to_4,0,2020
Boon Lay,Tukang,10_to_14,0,2020
Boon Lay,Tukang,15_to_19,0,2020
Boon Lay,Tukang,20_to_24,0,2020
Boon Lay,Tukang,25_to_29,0,2020
Boon Lay,Tukang,30_to_34,0,2020
Boon Lay,Tukang,35_to_39,0,2020
Boon Lay,Tukang,40_to_44,0,2020
Boon Lay,Tukang,45_to_49,0,2020
Boon Lay,Tukang,50_to_54,0,2020
Boon Lay,Tukang,55_to_59,0,2020
Boon Lay,Tukang,5_to_9,0,2020
Boon Lay,Tukang,60_to_64,0,2020
Boon Lay,Tukang,65_to_69,0,2020
Boon Lay,Tukang,70_to_74,0,2020
Boon Lay,Tukang,75_to_79,0,2020
Boon Lay,Tukang,80_to_84,0,2020
Boon Lay,Tukang,85_to_89,0,2020
Boon Lay,Tukang,90_and_over,0,2020
Bukit Batok,Brickworks,0_to_4,2710,2020
Bukit Batok,Brickworks,10_to_14,850,2020
Bukit Batok,Brickworks,15_to_19,740,2020
Bukit Batok,Brickworks,20_to_24,670,2020
Bukit Batok,Brickworks,25_to_29,2290,2020
Bukit Batok,Brickworks,30_to_34,3550,2020
Bukit Batok,Brickworks,35_to_39,1690,2020
Bukit Batok,Brickworks,40_to_44,1460,2020
Bukit Batok,Brickworks,45_to_49,1300,2020
Bukit Batok,Brickworks,50_to_54,970,2020
Bukit Batok,Brickworks,55_to_59,790,2020
Bukit Batok,Brickworks,5_to_9,1200,2020
Bukit Batok,Brickworks,60_to_64,630,2020
Bukit Batok,Brickworks,65_to_69,440,2020
Bukit Batok,Brickworks,70_to_74,280,2020
Bukit Batok,Brickworks,75_to_79,130,2020
Bukit Batok,Brickworks,80_to_84,100,2020
Bukit Batok,Brickworks,85_to_89,70,2020
Bukit Batok,Brickworks,90_and_over,20,2020
Bukit Batok,Bukit Batok Central,0_to_4,1320,2020
Bukit Batok,Bukit Batok Central,10_to_14,1350,2020
Bukit Batok,Bukit Batok Central,15_to_19,1490,2020
Bukit Batok,Bukit Batok Central,20_to_24,1550,2020
Bukit Batok,Bukit Batok Central,25_to_29,1920,2020
Bukit Batok,Bukit Batok Central,30_to_34,2450,2020
Bukit Batok,Bukit Batok Central,35_to_39,1950,2020
Bukit Batok,Bukit Batok Central,40_to_44,1860,2020
Bukit Batok,Bukit Batok Central,45_to_49,1940,2020
Bukit Batok,Bukit Batok Central,50_to_54,1970,2020
Bukit Batok,Bukit Batok Central,55_to_59,2000,2020
Bukit Batok,Bukit Batok Central,5_to_9,1240,2020
Bukit Batok,Bukit Batok Central,60_to_64,2100,2020
Bukit Batok,Bukit Batok Central,65_to_69,1760,2020
Bukit Batok,Bukit Batok Central,70_to_74,1150,2020
Bukit Batok,Bukit Batok Central,75_to_79,580,2020
Bukit Batok,Bukit Batok Central,80_to_84,400,2020
Bukit Batok,Bukit Batok Central,85_to_89,200,2020
Bukit Batok,Bukit Batok Central,90_and_over,120,2020
Bukit Batok,Bukit Batok East,0_to_4,350,2020
Bukit Batok,Bukit Batok East,10_to_14,540,2020
Bukit Batok,Bukit Batok East,15_to_19,600,2020
Bukit Batok,Bukit Batok East,20_to_24,810,2020
Bukit Batok,Bukit Batok East,25_to_29,970,2020
Bukit Batok,Bukit Batok East,30_to_34,880,2020
Bukit Batok,Bukit Batok East,35_to_39,820,2020
Bukit Batok,Bukit Batok East,40_to_44,800,2020
Bukit Batok,Bukit Batok East,45_to_49,960,2020
Bukit Batok,Bukit Batok East,50_to_54,930,2020
Bukit Batok,Bukit Batok East,55_to_59,1170,2020
Bukit Batok,Bukit Batok East,5_to_9,350,2020
Bukit Batok,Bukit Batok East,60_to_64,1230,2020
Bukit Batok,Bukit Batok East,65_to_69,1060,2020
Bukit Batok,Bukit Batok East,70_to_74,660,2020
Bukit Batok,Bukit Batok East,75_to_79,280,2020
Bukit Batok,Bukit Batok East,80_to_84,200,2020
Bukit Batok,Bukit Batok East,85_to_89,110,2020
Bukit Batok,Bukit Batok East,90_and_over,70,2020
Bukit Batok,Bukit Batok South,0_to_4,690,2020
Bukit Batok,Bukit Batok South,10_to_14,750,2020
Bukit Batok,Bukit Batok South,15_to_19,860,2020
Bukit Batok,Bukit Batok South,20_to_24,1110,2020
Bukit Batok,Bukit Batok South,25_to_29,1190,2020
Bukit Batok,Bukit Batok South,30_to_34,1250,2020
Bukit Batok,Bukit Batok South,35_to_39,1120,2020
Bukit Batok,Bukit Batok South,40_to_44,920,2020
Bukit Batok,Bukit Batok South,45_to_49,1000,2020
Bukit Batok,Bukit Batok South,50_to_54,1200,2020
Bukit Batok,Bukit Batok South,55_to_59,1290,2020
Bukit Batok,Bukit Batok South,5_to_9,720,2020
Bukit Batok,Bukit Batok South,60_to_64,1170,2020
Bukit Batok,Bukit Batok South,65_to_69,820,2020
Bukit Batok,Bukit Batok South,70_to_74,430,2020
Bukit Batok,Bukit Batok South,75_to_79,180,2020
Bukit Batok,Bukit Batok South,80_to_84,140,2020
Bukit Batok,Bukit Batok South,85_to_89,60,2020
Bukit Batok,Bukit Batok South,90_and_over,30,2020
Bukit Batok,Bukit Batok West,0_to_4,660,2020
Bukit Batok,Bukit Batok West,10_to_14,700,2020
Bukit Batok,Bukit Batok West,15_to_19,800,2020
Bukit Batok,Bukit Batok West,20_to_24,950,2020
Bukit Batok,Bukit Batok West,25_to_29,1000,2020
Bukit Batok,Bukit Batok West,30_to_34,1180,2020
Bukit Batok,Bukit Batok West,35_to_39,1090,2020
Bukit Batok,Bukit Batok West,40_to_44,1010,2020
Bukit Batok,Bukit Batok West,45_to_49,1040,2020
Bukit Batok,Bukit Batok West,50_to_54,1100,2020
Bukit Batok,Bukit Batok West,55_to_59,1180,2020
Bukit Batok,Bukit Batok West,5_to_9,640,2020
Bukit Batok,Bukit Batok West,60_to_64,1210,2020
Bukit Batok,Bukit Batok West,65_to_69,1080,2020
Bukit Batok,Bukit Batok West,70_to_74,630,2020
Bukit Batok,Bukit Batok West,75_to_79,310,2020
Bukit Batok,Bukit Batok West,80_to_84,190,2020
Bukit Batok,Bukit Batok West,85_to_89,140,2020
Bukit Batok,Bukit Batok West,90_and_over,70,2020
Bukit Batok,Gombak,0_to_4,350,2020
Bukit Batok,Gombak,10_to_14,600,2020
Bukit Batok,Gombak,15_to_19,590,2020
Bukit Batok,Gombak,20_to_24,610,2020
Bukit Batok,Gombak,25_to_29,710,2020
Bukit Batok,Gombak,30_to_34,630,2020
Bukit Batok,Gombak,35_to_39,740,2020
Bukit Batok,Gombak,40_to_44,830,2020
Bukit Batok,Gombak,45_to_49,810,2020
Bukit Batok,Gombak,50_to_54,760,2020
Bukit Batok,Gombak,55_to_59,710,2020
Bukit Batok,Gombak,5_to_9,500,2020
Bukit Batok,Gombak,60_to_64,620,2020
Bukit Batok,Gombak,65_to_69,550,2020
Bukit Batok,Gombak,70_to_74,400,2020
Bukit Batok,Gombak,75_to_79,230,2020
Bukit Batok,Gombak,80_to_84,170,2020
Bukit Batok,Gombak,85_to_89,120,2020
Bukit Batok,Gombak,90_and_over,50,2020
Bukit Batok,Guilin,0_to_4,440,2020
Bukit Batok,Guilin,10_to_14,650,2020
Bukit Batok,Guilin,15_to_19,740,2020
Bukit Batok,Guilin,20_to_24,820,2020
Bukit Batok,Guilin,25_to_29,880,2020
Bukit Batok,Guilin,30_to_34,860,2020
Bukit Batok,Guilin,35_to_39,950,2020
Bukit Batok,Guilin,40_to_44,940,2020
Bukit Batok,Guilin,45_to_49,1100,2020
Bukit Batok,Guilin,50_to_54,1130,2020
Bukit Batok,Guilin,55_to_59,1130,2020
Bukit Batok,Guilin,5_to_9,580,2020
Bukit Batok,Guilin,60_to_64,950,2020
Bukit Batok,Guilin,65_to_69,740,2020
Bukit Batok,Guilin,70_to_74,480,2020
Bukit Batok,Guilin,75_to_79,280,2020
Bukit Batok,Guilin,80_to_84,200,2020
Bukit Batok,Guilin,85_to_89,120,2020
Bukit Batok,Guilin,90_and_over,70,2020
Bukit Batok,Hillview,0_to_4,550,2020
Bukit Batok,Hillview,10_to_14,1040,2020
Bukit Batok,Hillview,15_to_19,1350,2020
Bukit Batok,Hillview,20_to_24,1590,2020
Bukit Batok,Hillview,25_to_29,1490,2020
Bukit Batok,Hillview,30_to_34,1060,2020
Bukit Batok,Hillview,35_to_39,1000,2020
Bukit Batok,Hillview,40_to_44,1190,2020
Bukit Batok,Hillview,45_to_49,1650,2020
Bukit Batok,Hillview,50_to_54,1840,2020
Bukit Batok,Hillview,55_to_59,1860,2020
Bukit Batok,Hillview,5_to_9,720,2020
Bukit Batok,Hillview,60_to_64,1400,2020
Bukit Batok,Hillview,65_to_69,1090,2020
Bukit Batok,Hillview,70_to_74,680,2020
Bukit Batok,Hillview,75_to_79,370,2020
Bukit Batok,Hillview,80_to_84,220,2020
Bukit Batok,Hillview,85_to_89,130,2020
Bukit Batok,Hillview,90_and_over,80,2020
Bukit Batok,Hong Kah North,0_to_4,870,2020
Bukit Batok,Hong Kah North,10_to_14,1230,2020
Bukit Batok,Hong Kah North,15_to_19,1420,2020
Bukit Batok,Hong Kah North,20_to_24,1670,2020
Bukit Batok,Hong Kah North,25_to_29,2110,2020
Bukit Batok,Hong Kah North,30_to_34,1810,2020
Bukit Batok,Hong Kah North,35_to_39,1660,2020
Bukit Batok,Hong Kah North,40_to_44,1630,2020
Bukit Batok,Hong Kah North,45_to_49,1920,2020
Bukit Batok,Hong Kah North,50_to_54,2050,2020
Bukit Batok,Hong Kah North,55_to_59,2380,2020
Bukit Batok,Hong Kah North,5_to_9,950,2020
Bukit Batok,Hong Kah North,60_to_64,2470,2020
Bukit Batok,Hong Kah North,65_to_69,1820,2020
Bukit Batok,Hong Kah North,70_to_74,1100,2020
Bukit Batok,Hong Kah North,75_to_79,540,2020
Bukit Batok,Hong Kah North,80_to_84,340,2020
Bukit Batok,Hong Kah North,85_to_89,180,2020
Bukit Batok,Hong Kah North,90_and_over,70,2020
Bukit Merah,Alexandra Hill,0_to_4,370,2020
Bukit Merah,Alexandra Hill,10_to_14,570,2020
Bukit Merah,Alexandra Hill,15_to_19,640,2020
Bukit Merah,Alexandra Hill,20_to_24,800,2020
Bukit Merah,Alexandra Hill,25_to_29,870,2020
Bukit Merah,Alexandra Hill,30_to_34,850,2020
Bukit Merah,Alexandra Hill,35_to_39,730,2020
Bukit Merah,Alexandra Hill,40_to_44,740,2020
Bukit Merah,Alexandra Hill,45_to_49,970,2020
Bukit Merah,Alexandra Hill,50_to_54,960,2020
Bukit Merah,Alexandra Hill,55_to_59,1090,2020
Bukit Merah,Alexandra Hill,5_to_9,420,2020
Bukit Merah,Alexandra Hill,60_to_64,1130,2020
Bukit Merah,Alexandra Hill,65_to_69,1070,2020
Bukit Merah,Alexandra Hill,70_to_74,950,2020
Bukit Merah,Alexandra Hill,75_to_79,540,2020
Bukit Merah,Alexandra Hill,80_to_84,420,2020
Bukit Merah,Alexandra Hill,85_to_89,280,2020
Bukit Merah,Alexandra Hill,90_and_over,160,2020
Bukit Merah,Alexandra North,0_to_4,170,2020
Bukit Merah,Alexandra North,10_to_14,160,2020
Bukit Merah,Alexandra North,15_to_19,100,2020
Bukit Merah,Alexandra North,20_to_24,90,2020
Bukit Merah,Alexandra North,25_to_29,130,2020
Bukit Merah,Alexandra North,30_to_34,240,2020
Bukit Merah,Alexandra North,35_to_39,330,2020
Bukit Merah,Alexandra North,40_to_44,330,2020
Bukit Merah,Alexandra North,45_to_49,300,2020
Bukit Merah,Alexandra North,50_to_54,180,2020
Bukit Merah,Alexandra North,55_to_59,130,2020
Bukit Merah,Alexandra North,5_to_9,200,2020
Bukit Merah,Alexandra North,60_to_64,100,2020
Bukit Merah,Alexandra North,65_to_69,60,2020
Bukit Merah,Alexandra North,70_to_74,40,2020
Bukit Merah,Alexandra North,75_to_79,30,2020
Bukit Merah,Alexandra North,80_to_84,20,2020
Bukit Merah,Alexandra North,85_to_89,10,2020
Bukit Merah,Alexandra North,90_and_over,0,2020
Bukit Merah,Bukit Ho Swee,0_to_4,480,2020
Bukit Merah,Bukit Ho Swee,10_to_14,580,2020
Bukit Merah,Bukit Ho Swee,15_to_19,500,2020
Bukit Merah,Bukit Ho Swee,20_to_24,610,2020
Bukit Merah,Bukit Ho Swee,25_to_29,820,2020
Bukit Merah,Bukit Ho Swee,30_to_34,930,2020
Bukit Merah,Bukit Ho Swee,35_to_39,980,2020
Bukit Merah,Bukit Ho Swee,40_to_44,950,2020
Bukit Merah,Bukit Ho Swee,45_to_49,1040,2020
Bukit Merah,Bukit Ho Swee,50_to_54,960,2020
Bukit Merah,Bukit Ho Swee,55_to_59,1120,2020
Bukit Merah,Bukit Ho Swee,5_to_9,580,2020
Bukit Merah,Bukit Ho Swee,60_to_64,1280,2020
Bukit Merah,Bukit Ho Swee,65_to_69,1110,2020
Bukit Merah,Bukit Ho Swee,70_to_74,940,2020
Bukit Merah,Bukit Ho Swee,75_to_79,620,2020
Bukit Merah,Bukit Ho Swee,80_to_84,490,2020
Bukit Merah,Bukit Ho Swee,85_to_89,270,2020
Bukit Merah,Bukit Ho Swee,90_and_over,180,2020
Bukit Merah,Bukit Merah,0_to_4,20,2020
Bukit Merah,Bukit Merah,10_to_14,50,2020
Bukit Merah,Bukit Merah,15_to_19,70,2020
Bukit Merah,Bukit Merah,20_to_24,70,2020
Bukit Merah,Bukit Merah,25_to_29,60,2020
Bukit Merah,Bukit Merah,30_to_34,60,2020
Bukit Merah,Bukit Merah,35_to_39,60,2020
Bukit Merah,Bukit Merah,40_to_44,80,2020
Bukit Merah,Bukit Merah,45_to_49,70,2020
Bukit Merah,Bukit Merah,50_to_54,90,2020
Bukit Merah,Bukit Merah,55_to_59,100,2020
Bukit Merah,Bukit Merah,5_to_9,40,2020
Bukit Merah,Bukit Merah,60_to_64,60,2020
Bukit Merah,Bukit Merah,65_to_69,80,2020
Bukit Merah,Bukit Merah,70_to_74,90,2020
Bukit Merah,Bukit Merah,75_to_79,50,2020
Bukit Merah,Bukit Merah,80_to_84,30,2020
Bukit Merah,Bukit Merah,85_to_89,10,2020
Bukit Merah,Bukit Merah,90_and_over,10,2020
Bukit Merah,City Terminals,0_to_4,0,2020
Bukit Merah,City Terminals,10_to_14,0,2020
Bukit Merah,City Terminals,15_to_19,0,2020
Bukit Merah,City Terminals,20_to_24,0,2020
Bukit Merah,City Terminals,25_to_29,0,2020
Bukit Merah,City Terminals,30_to_34,0,2020
Bukit Merah,City Terminals,35_to_39,0,2020
Bukit Merah,City Terminals,40_to_44,0,2020
Bukit Merah,City Terminals,45_to_49,0,2020
Bukit Merah,City Terminals,50_to_54,0,2020
Bukit Merah,City Terminals,55_to_59,0,2020
Bukit Merah,City Terminals,5_to_9,0,2020
Bukit Merah,City Terminals,60_to_64,0,2020
Bukit Merah,City Terminals,65_to_69,0,2020
Bukit Merah,City Terminals,70_to_74,0,2020
Bukit Merah,City Terminals,75_to_79,0,2020
Bukit Merah,City Terminals,80_to_84,0,2020
Bukit Merah,City Terminals,85_to_89,0,2020
Bukit Merah,City Terminals,90_and_over,0,2020
Bukit Merah,Depot Road,0_to_4,360,2020
Bukit Merah,Depot Road,10_to_14,380,2020
Bukit Merah,Depot Road,15_to_19,270,2020
Bukit Merah,Depot Road,20_to_24,280,2020
Bukit Merah,Depot Road,25_to_29,300,2020
Bukit Merah,Depot Road,30_to_34,460,2020
Bukit Merah,Depot Road,35_to_39,580,2020
Bukit Merah,Depot Road,40_to_44,670,2020
Bukit Merah,Depot Road,45_to_49,620,2020
Bukit Merah,Depot Road,50_to_54,460,2020
Bukit Merah,Depot Road,55_to_59,380,2020
Bukit Merah,Depot Road,5_to_9,410,2020
Bukit Merah,Depot Road,60_to_64,360,2020
Bukit Merah,Depot Road,65_to_69,340,2020
Bukit Merah,Depot Road,70_to_74,320,2020
Bukit Merah,Depot Road,75_to_79,190,2020
Bukit Merah,Depot Road,80_to_84,130,2020
Bukit Merah,Depot Road,85_to_89,50,2020
Bukit Merah,Depot Road,90_and_over,20,2020
Bukit Merah,Everton Park,0_to_4,220,2020
Bukit Merah,Everton Park,10_to_14,310,2020
Bukit Merah,Everton Park,15_to_19,300,2020
Bukit Merah,Everton Park,20_to_24,350,2020
Bukit Merah,Everton Park,25_to_29,470,2020
Bukit Merah,Everton Park,30_to_34,530,2020
Bukit Merah,Everton Park,35_to_39,550,2020
Bukit Merah,Everton Park,40_to_44,600,2020
Bukit Merah,Everton Park,45_to_49,700,2020
Bukit Merah,Everton Park,50_to_54,590,2020
Bukit Merah,Everton Park,55_to_59,530,2020
Bukit Merah,Everton Park,5_to_9,300,2020
Bukit Merah,Everton Park,60_to_64,590,2020
Bukit Merah,Everton Park,65_to_69,610,2020
Bukit Merah,Everton Park,70_to_74,500,2020
Bukit Merah,Everton Park,75_to_79,300,2020
Bukit Merah,Everton Park,80_to_84,240,2020
Bukit Merah,Everton Park,85_to_89,110,2020
Bukit Merah,Everton Park,90_and_over,90,2020
Bukit Merah,Henderson Hill,0_to_4,450,2020
Bukit Merah,Henderson Hill,10_to_14,500,2020
Bukit Merah,Henderson Hill,15_to_19,530,2020
Bukit Merah,Henderson Hill,20_to_24,670,2020
Bukit Merah,Henderson Hill,25_to_29,860,2020
Bukit Merah,Henderson Hill,30_to_34,930,2020
Bukit Merah,Henderson Hill,35_to_39,790,2020
Bukit Merah,Henderson Hill,40_to_44,790,2020
Bukit Merah,Henderson Hill,45_to_49,880,2020
Bukit Merah,Henderson Hill,50_to_54,1000,2020
Bukit Merah,Henderson Hill,55_to_59,1050,2020
Bukit Merah,Henderson Hill,5_to_9,450,2020
Bukit Merah,Henderson Hill,60_to_64,1150,2020
Bukit Merah,Henderson Hill,65_to_69,970,2020
Bukit Merah,Henderson Hill,70_to_74,890,2020
Bukit Merah,Henderson Hill,75_to_79,540,2020
Bukit Merah,Henderson Hill,80_to_84,490,2020
Bukit Merah,Henderson Hill,85_to_89,280,2020
Bukit Merah,Henderson Hill,90_and_over,150,2020
Bukit Merah,Kampong Tiong Bahru,0_to_4,220,2020
Bukit Merah,Kampong Tiong Bahru,10_to_14,350,2020
Bukit Merah,Kampong Tiong Bahru,15_to_19,330,2020
Bukit Merah,Kampong Tiong Bahru,20_to_24,420,2020
Bukit Merah,Kampong Tiong Bahru,25_to_29,530,2020
Bukit Merah,Kampong Tiong Bahru,30_to_34,500,2020
Bukit Merah,Kampong Tiong Bahru,35_to_39,490,2020
Bukit Merah,Kampong Tiong Bahru,40_to_44,540,2020
Bukit Merah,Kampong Tiong Bahru,45_to_49,640,2020
Bukit Merah,Kampong Tiong Bahru,50_to_54,700,2020
Bukit Merah,Kampong Tiong Bahru,55_to_59,730,2020
Bukit Merah,Kampong Tiong Bahru,5_to_9,250,2020
Bukit Merah,Kampong Tiong Bahru,60_to_64,780,2020
Bukit Merah,Kampong Tiong Bahru,65_to_69,790,2020
Bukit Merah,Kampong Tiong Bahru,70_to_74,700,2020
Bukit Merah,Kampong Tiong Bahru,75_to_79,450,2020
Bukit Merah,Kampong Tiong Bahru,80_to_84,350,2020
Bukit Merah,Kampong Tiong Bahru,85_to_89,170,2020
Bukit Merah,Kampong Tiong Bahru,90_and_over,110,2020
Bukit Merah,Maritime Square,0_to_4,200,2020
Bukit Merah,Maritime Square,10_to_14,190,2020
Bukit Merah,Maritime Square,15_to_19,170,2020
Bukit Merah,Maritime Square,20_to_24,110,2020
Bukit Merah,Maritime Square,25_to_29,130,2020
Bukit Merah,Maritime Square,30_to_34,170,2020
Bukit Merah,Maritime Square,35_to_39,350,2020
Bukit Merah,Maritime Square,40_to_44,420,2020
Bukit Merah,Maritime Square,45_to_49,390,2020
Bukit Merah,Maritime Square,50_to_54,310,2020
Bukit Merah,Maritime Square,55_to_59,240,2020
Bukit Merah,Maritime Square,5_to_9,230,2020
Bukit Merah,Maritime Square,60_to_64,180,2020
Bukit Merah,Maritime Square,65_to_69,140,2020
Bukit Merah,Maritime Square,70_to_74,120,2020
Bukit Merah,Maritime Square,75_to_79,70,2020
Bukit Merah,Maritime Square,80_to_84,70,2020
Bukit Merah,Maritime Square,85_to_89,50,2020
Bukit Merah,Maritime Square,90_and_over,30,2020
Bukit Merah,Redhill,0_to_4,480,2020
Bukit Merah,Redhill,10_to_14,660,2020
Bukit Merah,Redhill,15_to_19,520,2020
Bukit Merah,Redhill,20_to_24,460,2020
Bukit Merah,Redhill,25_to_29,650,2020
Bukit Merah,Redhill,30_to_34,640,2020
Bukit Merah,Redhill,35_to_39,750,2020
Bukit Merah,Redhill,40_to_44,1090,2020
Bukit Merah,Redhill,45_to_49,910,2020
Bukit Merah,Redhill,50_to_54,780,2020
Bukit Merah,Redhill,55_to_59,720,2020
Bukit Merah,Redhill,5_to_9,640,2020
Bukit Merah,Redhill,60_to_64,620,2020
Bukit Merah,Redhill,65_to_69,500,2020
Bukit Merah,Redhill,70_to_74,440,2020
Bukit Merah,Redhill,75_to_79,280,2020
Bukit Merah,Redhill,80_to_84,250,2020
Bukit Merah,Redhill,85_to_89,130,2020
Bukit Merah,Redhill,90_and_over,140,2020
Bukit Merah,Singapore General Hospital,0_to_4,0,2020
Bukit Merah,Singapore General Hospital,10_to_14,0,2020
Bukit Merah,Singapore General Hospital,15_to_19,0,2020
Bukit Merah,Singapore General Hospital,20_to_24,0,2020
Bukit Merah,Singapore General Hospital,25_to_29,0,2020
Bukit Merah,Singapore General Hospital,30_to_34,0,2020
Bukit Merah,Singapore General Hospital,35_to_39,0,2020
Bukit Merah,Singapore General Hospital,40_to_44,0,2020
Bukit Merah,Singapore General Hospital,45_to_49,0,2020
Bukit Merah,Singapore General Hospital,50_to_54,0,2020
Bukit Merah,Singapore General Hospital,55_to_59,0,2020
Bukit Merah,Singapore General Hospital,5_to_9,0,2020
Bukit Merah,Singapore General Hospital,60_to_64,0,2020
Bukit Merah,Singapore General Hospital,65_to_69,0,2020
Bukit Merah,Singapore General Hospital,70_to_74,0,2020
Bukit Merah,Singapore General Hospital,75_to_79,0,2020
Bukit Merah,Singapore General Hospital,80_to_84,0,2020
Bukit Merah,Singapore General Hospital,85_to_89,0,2020
Bukit Merah,Singapore General Hospital,90_and_over,0,2020
Bukit Merah,Telok Blangah Drive,0_to_4,1190,2020
Bukit Merah,Telok Blangah Drive,10_to_14,750,2020
Bukit Merah,Telok Blangah Drive,15_to_19,720,2020
Bukit Merah,Telok Blangah Drive,20_to_24,730,2020
Bukit Merah,Telok Blangah Drive,25_to_29,1090,2020
Bukit Merah,Telok Blangah Drive,30_to_34,2010,2020
Bukit Merah,Telok Blangah Drive,35_to_39,1670,2020
Bukit Merah,Telok Blangah Drive,40_to_44,1550,2020
Bukit Merah,Telok Blangah Drive,45_to_49,1370,2020
Bukit Merah,Telok Blangah Drive,50_to_54,1190,2020
Bukit Merah,Telok Blangah Drive,55_to_59,1230,2020
Bukit Merah,Telok Blangah Drive,5_to_9,850,2020
Bukit Merah,Telok Blangah Drive,60_to_64,1200,2020
Bukit Merah,Telok Blangah Drive,65_to_69,1150,2020
Bukit Merah,Telok Blangah Drive,70_to_74,1090,2020
Bukit Merah,Telok Blangah Drive,75_to_79,650,2020
Bukit Merah,Telok Blangah Drive,80_to_84,470,2020
Bukit Merah,Telok Blangah Drive,85_to_89,240,2020
Bukit Merah,Telok Blangah Drive,90_and_over,110,2020
Bukit Merah,Telok Blangah Rise,0_to_4,340,2020
Bukit Merah,Telok Blangah Rise,10_to_14,460,2020
Bukit Merah,Telok Blangah Rise,15_to_19,510,2020
Bukit Merah,Telok Blangah Rise,20_to_24,580,2020
Bukit Merah,Telok Blangah Rise,25_to_29,730,2020
Bukit Merah,Telok Blangah Rise,30_to_34,670,2020
Bukit Merah,Telok Blangah Rise,35_to_39,680,2020
Bukit Merah,Telok Blangah Rise,40_to_44,840,2020
Bukit Merah,Telok Blangah Rise,45_to_49,920,2020
Bukit Merah,Telok Blangah Rise,50_to_54,860,2020
Bukit Merah,Telok Blangah Rise,55_to_59,870,2020
Bukit Merah,Telok Blangah Rise,5_to_9,380,2020
Bukit Merah,Telok Blangah Rise,60_to_64,1040,2020
Bukit Merah,Telok Blangah Rise,65_to_69,1130,2020
Bukit Merah,Telok Blangah Rise,70_to_74,980,2020
Bukit Merah,Telok Blangah Rise,75_to_79,590,2020
Bukit Merah,Telok Blangah Rise,80_to_84,350,2020
Bukit Merah,Telok Blangah Rise,85_to_89,190,2020
Bukit Merah,Telok Blangah Rise,90_and_over,90,2020
Bukit Merah,Telok Blangah Way,0_to_4,230,2020
Bukit Merah,Telok Blangah Way,10_to_14,390,2020
Bukit Merah,Telok Blangah Way,15_to_19,340,2020
Bukit Merah,Telok Blangah Way,20_to_24,390,2020
Bukit Merah,Telok Blangah Way,25_to_29,480,2020
Bukit Merah,Telok Blangah Way,30_to_34,470,2020
Bukit Merah,Telok Blangah Way,35_to_39,540,2020
Bukit Merah,Telok Blangah Way,40_to_44,690,2020
Bukit Merah,Telok Blangah Way,45_to_49,780,2020
Bukit Merah,Telok Blangah Way,50_to_54,690,2020
Bukit Merah,Telok Blangah Way,55_to_59,750,2020
Bukit Merah,Telok Blangah Way,5_to_9,370,2020
Bukit Merah,Telok Blangah Way,60_to_64,820,2020
Bukit Merah,Telok Blangah Way,65_to_69,710,2020
Bukit Merah,Telok Blangah Way,70_to_74,620,2020
Bukit Merah,Telok Blangah Way,75_to_79,420,2020
Bukit Merah,Telok Blangah Way,80_to_84,310,2020
Bukit Merah,Telok Blangah Way,85_to_89,190,2020
Bukit Merah,Telok Blangah Way,90_and_over,120,2020
Bukit Merah,Tiong Bahru,0_to_4,690,2020
Bukit Merah,Tiong Bahru,10_to_14,570,2020
Bukit Merah,Tiong Bahru,15_to_19,440,2020
Bukit Merah,Tiong Bahru,20_to_24,440,2020
Bukit Merah,Tiong Bahru,25_to_29,730,2020
Bukit Merah,Tiong Bahru,30_to_34,1080,2020
Bukit Merah,Tiong Bahru,35_to_39,1130,2020
Bukit Merah,Tiong Bahru,40_to_44,1250,2020
Bukit Merah,Tiong Bahru,45_to_49,1010,2020
Bukit Merah,Tiong Bahru,50_to_54,800,2020
Bukit Merah,Tiong Bahru,55_to_59,740,2020
Bukit Merah,Tiong Bahru,5_to_9,660,2020
Bukit Merah,Tiong Bahru,60_to_64,780,2020
Bukit Merah,Tiong Bahru,65_to_69,800,2020
Bukit Merah,Tiong Bahru,70_to_74,700,2020
Bukit Merah,Tiong Bahru,75_to_79,430,2020
Bukit Merah,Tiong Bahru,80_to_84,330,2020
Bukit Merah,Tiong Bahru,85_to_89,180,2020
Bukit Merah,Tiong Bahru,90_and_over,150,2020
Bukit Merah,Tiong Bahru Station,0_to_4,560,2020
Bukit Merah,Tiong Bahru Station,10_to_14,830,2020
Bukit Merah,Tiong Bahru Station,15_to_19,700,2020
Bukit Merah,Tiong Bahru Station,20_to_24,690,2020
Bukit Merah,Tiong Bahru Station,25_to_29,1060,2020
Bukit Merah,Tiong Bahru Station,30_to_34,1010,2020
Bukit Merah,Tiong Bahru Station,35_to_39,1050,2020
Bukit Merah,Tiong Bahru Station,40_to_44,1230,2020
Bukit Merah,Tiong Bahru Station,45_to_49,1260,2020
Bukit Merah,Tiong Bahru Station,50_to_54,1100,2020
Bukit Merah,Tiong Bahru Station,55_to_59,1080,2020
Bukit Merah,Tiong Bahru Station,5_to_9,690,2020
Bukit Merah,Tiong Bahru Station,60_to_64,1070,2020
Bukit Merah,Tiong Bahru Station,65_to_69,750,2020
Bukit Merah,Tiong Bahru Station,70_to_74,800,2020
Bukit Merah,Tiong Bahru Station,75_to_79,490,2020
Bukit Merah,Tiong Bahru Station,80_to_84,430,2020
Bukit Merah,Tiong Bahru Station,85_to_89,240,2020
Bukit Merah,Tiong Bahru Station,90_and_over,130,2020
Bukit Panjang,Bangkit,0_to_4,680,2020
Bukit Panjang,Bangkit,10_to_14,930,2020
Bukit Panjang,Bangkit,15_to_19,1200,2020
Bukit Panjang,Bangkit,20_to_24,1510,2020
Bukit Panjang,Bangkit,25_to_29,1900,2020
Bukit Panjang,Bangkit,30_to_34,1580,2020
Bukit Panjang,Bangkit,35_to_39,1240,2020
Bukit Panjang,Bangkit,40_to_44,1340,2020
Bukit Panjang,Bangkit,45_to_49,1550,2020
Bukit Panjang,Bangkit,50_to_54,1730,2020
Bukit Panjang,Bangkit,55_to_59,2200,2020
Bukit Panjang,Bangkit,5_to_9,750,2020
Bukit Panjang,Bangkit,60_to_64,2030,2020
Bukit Panjang,Bangkit,65_to_69,1460,2020
Bukit Panjang,Bangkit,70_to_74,970,2020
Bukit Panjang,Bangkit,75_to_79,590,2020
Bukit Panjang,Bangkit,80_to_84,410,2020
Bukit Panjang,Bangkit,85_to_89,230,2020
Bukit Panjang,Bangkit,90_and_over,120,2020
Bukit Panjang,Dairy Farm,0_to_4,310,2020
Bukit Panjang,Dairy Farm,10_to_14,450,2020
Bukit Panjang,Dairy Farm,15_to_19,510,2020
Bukit Panjang,Dairy Farm,20_to_24,460,2020
Bukit Panjang,Dairy Farm,25_to_29,480,2020
Bukit Panjang,Dairy Farm,30_to_34,470,2020
Bukit Panjang,Dairy Farm,35_to_39,450,2020
Bukit Panjang,Dairy Farm,40_to_44,560,2020
Bukit Panjang,Dairy Farm,45_to_49,640,2020
Bukit Panjang,Dairy Farm,50_to_54,560,2020
Bukit Panjang,Dairy Farm,55_to_59,550,2020
Bukit Panjang,Dairy Farm,5_to_9,390,2020
Bukit Panjang,Dairy Farm,60_to_64,420,2020
Bukit Panjang,Dairy Farm,65_to_69,320,2020
Bukit Panjang,Dairy Farm,70_to_74,210,2020
Bukit Panjang,Dairy Farm,75_to_79,80,2020
Bukit Panjang,Dairy Farm,80_to_84,70,2020
Bukit Panjang,Dairy Farm,85_to_89,40,2020
Bukit Panjang,Dairy Farm,90_and_over,30,2020
Bukit Panjang,Fajar,0_to_4,1530,2020
Bukit Panjang,Fajar,10_to_14,1590,2020
Bukit Panjang,Fajar,15_to_19,1600,2020
Bukit Panjang,Fajar,20_to_24,1730,2020
Bukit Panjang,Fajar,25_to_29,2150,2020
Bukit Panjang,Fajar,30_to_34,2350,2020
Bukit Panjang,Fajar,35_to_39,2260,2020
Bukit Panjang,Fajar,40_to_44,1980,2020
Bukit Panjang,Fajar,45_to_49,1970,2020
Bukit Panjang,Fajar,50_to_54,1850,2020
Bukit Panjang,Fajar,55_to_59,2150,2020
Bukit Panjang,Fajar,5_to_9,1690,2020
Bukit Panjang,Fajar,60_to_64,1830,2020
Bukit Panjang,Fajar,65_to_69,1400,2020
Bukit Panjang,Fajar,70_to_74,870,2020
Bukit Panjang,Fajar,75_to_79,470,2020
Bukit Panjang,Fajar,80_to_84,310,2020
Bukit Panjang,Fajar,85_to_89,160,2020
Bukit Panjang,Fajar,90_and_over,70,2020
Bukit Panjang,Jelebu,0_to_4,930,2020
Bukit Panjang,Jelebu,10_to_14,1410,2020
Bukit Panjang,Jelebu,15_to_19,1850,2020
Bukit Panjang,Jelebu,20_to_24,2440,2020
Bukit Panjang,Jelebu,25_to_29,2760,2020
Bukit Panjang,Jelebu,30_to_34,2180,2020
Bukit Panjang,Jelebu,35_to_39,1750,2020
Bukit Panjang,Jelebu,40_to_44,1840,2020
Bukit Panjang,Jelebu,45_to_49,2360,2020
Bukit Panjang,Jelebu,50_to_54,2590,2020
Bukit Panjang,Jelebu,55_to_59,2880,2020
Bukit Panjang,Jelebu,5_to_9,1090,2020
Bukit Panjang,Jelebu,60_to_64,2670,2020
Bukit Panjang,Jelebu,65_to_69,1910,2020
Bukit Panjang,Jelebu,70_to_74,1240,2020
Bukit Panjang,Jelebu,75_to_79,630,2020
Bukit Panjang,Jelebu,80_to_84,460,2020
Bukit Panjang,Jelebu,85_to_89,210,2020
Bukit Panjang,Jelebu,90_and_over,120,2020
Bukit Panjang,Nature Reserve,0_to_4,150,2020
Bukit Panjang,Nature Reserve,10_to_14,230,2020
Bukit Panjang,Nature Reserve,15_to_19,250,2020
Bukit Panjang,Nature Reserve,20_to_24,280,2020
Bukit Panjang,Nature Reserve,25_to_29,270,2020
Bukit Panjang,Nature Reserve,30_to_34,200,2020
Bukit Panjang,Nature Reserve,35_to_39,230,2020
Bukit Panjang,Nature Reserve,40_to_44,260,2020
Bukit Panjang,Nature Reserve,45_to_49,370,2020
Bukit Panjang,Nature Reserve,50_to_54,350,2020
Bukit Panjang,Nature Reserve,55_to_59,340,2020
Bukit Panjang,Nature Reserve,5_to_9,180,2020
Bukit Panjang,Nature Reserve,60_to_64,270,2020
Bukit Panjang,Nature Reserve,65_to_69,180,2020
Bukit Panjang,Nature Reserve,70_to_74,150,2020
Bukit Panjang,Nature Reserve,75_to_79,70,2020
Bukit Panjang,Nature Reserve,80_to_84,60,2020
Bukit Panjang,Nature Reserve,85_to_89,30,2020
Bukit Panjang,Nature Reserve,90_and_over,20,2020
Bukit Panjang,Saujana,0_to_4,1550,2020
Bukit Panjang,Saujana,10_to_14,1470,2020
Bukit Panjang,Saujana,15_to_19,1510,2020
Bukit Panjang,Saujana,20_to_24,1730,2020
Bukit Panjang,Saujana,25_to_29,1840,2020
Bukit Panjang,Saujana,30_to_34,2140,2020
Bukit Panjang,Saujana,35_to_39,2290,2020
Bukit Panjang,Saujana,40_to_44,1850,2020
Bukit Panjang,Saujana,45_to_49,1860,2020
Bukit Panjang,Saujana,50_to_54,1690,2020
Bukit Panjang,Saujana,55_to_59,1890,2020
Bukit Panjang,Saujana,5_to_9,1670,2020
Bukit Panjang,Saujana,60_to_64,1860,2020
Bukit Panjang,Saujana,65_to_69,1240,2020
Bukit Panjang,Saujana,70_to_74,720,2020
Bukit Panjang,Saujana,75_to_79,300,2020
Bukit Panjang,Saujana,80_to_84,210,2020
Bukit Panjang,Saujana,85_to_89,120,2020
Bukit Panjang,Saujana,90_and_over,80,2020
Bukit Panjang,Senja,0_to_4,1130,2020
Bukit Panjang,Senja,10_to_14,1260,2020
Bukit Panjang,Senja,15_to_19,1260,2020
Bukit Panjang,Senja,20_to_24,1160,2020
Bukit Panjang,Senja,25_to_29,1200,2020
Bukit Panjang,Senja,30_to_34,1570,2020
Bukit Panjang,Senja,35_to_39,1930,2020
Bukit Panjang,Senja,40_to_44,1560,2020
Bukit Panjang,Senja,45_to_49,1720,2020
Bukit Panjang,Senja,50_to_54,1320,2020
Bukit Panjang,Senja,55_to_59,1260,2020
Bukit Panjang,Senja,5_to_9,1360,2020
Bukit Panjang,Senja,60_to_64,1240,2020
Bukit Panjang,Senja,65_to_69,900,2020
Bukit Panjang,Senja,70_to_74,640,2020
Bukit Panjang,Senja,75_to_79,290,2020
Bukit Panjang,Senja,80_to_84,200,2020
Bukit Panjang,Senja,85_to_89,120,2020
Bukit Panjang,Senja,90_and_over,60,2020
Bukit Timah,Anak Bukit,0_to_4,690,2020
Bukit Timah,Anak Bukit,10_to_14,1180,2020
Bukit Timah,Anak Bukit,15_to_19,1310,2020
Bukit Timah,Anak Bukit,20_to_24,1430,2020
Bukit Timah,Anak Bukit,25_to_29,1670,2020
Bukit Timah,Anak Bukit,30_to_34,1310,2020
Bukit Timah,Anak Bukit,35_to_39,1260,2020
Bukit Timah,Anak Bukit,40_to_44,1360,2020
Bukit Timah,Anak Bukit,45_to_49,1640,2020
Bukit Timah,Anak Bukit,50_to_54,1610,2020
Bukit Timah,Anak Bukit,55_to_59,1590,2020
Bukit Timah,Anak Bukit,5_to_9,1090,2020
Bukit Timah,Anak Bukit,60_to_64,1740,2020
Bukit Timah,Anak Bukit,65_to_69,1410,2020
Bukit Timah,Anak Bukit,70_to_74,1090,2020
Bukit Timah,Anak Bukit,75_to_79,640,2020
Bukit Timah,Anak Bukit,80_to_84,490,2020
Bukit Timah,Anak Bukit,85_to_89,270,2020
Bukit Timah,Anak Bukit,90_and_over,140,2020
Bukit Timah,Coronation Road,0_to_4,290,2020
Bukit Timah,Coronation Road,10_to_14,510,2020
Bukit Timah,Coronation Road,15_to_19,440,2020
Bukit Timah,Coronation Road,20_to_24,390,2020
Bukit Timah,Coronation Road,25_to_29,350,2020
Bukit Timah,Coronation Road,30_to_34,340,2020
Bukit Timah,Coronation Road,35_to_39,440,2020
Bukit Timah,Coronation Road,40_to_44,550,2020
Bukit Timah,Coronation Road,45_to_49,600,2020
Bukit Timah,Coronation Road,50_to_54,480,2020
Bukit Timah,Coronation Road,55_to_59,400,2020
Bukit Timah,Coronation Road,5_to_9,510,2020
Bukit Timah,Coronation Road,60_to_64,350,2020
Bukit Timah,Coronation Road,65_to_69,320,2020
Bukit Timah,Coronation Road,70_to_74,280,2020
Bukit Timah,Coronation Road,75_to_79,210,2020
Bukit Timah,Coronation Road,80_to_84,150,2020
Bukit Timah,Coronation Road,85_to_89,90,2020
Bukit Timah,Coronation Road,90_and_over,70,2020
Bukit Timah,Farrer Court,0_to_4,300,2020
Bukit Timah,Farrer Court,10_to_14,430,2020
Bukit Timah,Farrer Court,15_to_19,360,2020
Bukit Timah,Farrer Court,20_to_24,290,2020
Bukit Timah,Farrer Court,25_to_29,300,2020
Bukit Timah,Farrer Court,30_to_34,360,2020
Bukit Timah,Farrer Court,35_to_39,490,2020
Bukit Timah,Farrer Court,40_to_44,540,2020
Bukit Timah,Farrer Court,45_to_49,630,2020
Bukit Timah,Farrer Court,50_to_54,490,2020
Bukit Timah,Farrer Court,55_to_59,370,2020
Bukit Timah,Farrer Court,5_to_9,500,2020
Bukit Timah,Farrer Court,60_to_64,290,2020
Bukit Timah,Farrer Court,65_to_69,230,2020
Bukit Timah,Farrer Court,70_to_74,270,2020
Bukit Timah,Farrer Court,75_to_79,140,2020
Bukit Timah,Farrer Court,80_to_84,120,2020
Bukit Timah,Farrer Court,85_to_89,80,2020
Bukit Timah,Farrer Court,90_and_over,30,2020
Bukit Timah,Hillcrest,0_to_4,450,2020
Bukit Timah,Hillcrest,10_to_14,600,2020
Bukit Timah,Hillcrest,15_to_19,590,2020
Bukit Timah,Hillcrest,20_to_24,570,2020
Bukit Timah,Hillcrest,25_to_29,420,2020
Bukit Timah,Hillcrest,30_to_34,410,2020
Bukit Timah,Hillcrest,35_to_39,660,2020
Bukit Timah,Hillcrest,40_to_44,760,2020
Bukit Timah,Hillcrest,45_to_49,850,2020
Bukit Timah,Hillcrest,50_to_54,740,2020
Bukit Timah,Hillcrest,55_to_59,650,2020
Bukit Timah,Hillcrest,5_to_9,790,2020
Bukit Timah,Hillcrest,60_to_64,570,2020
Bukit Timah,Hillcrest,65_to_69,380,2020
Bukit Timah,Hillcrest,70_to_74,400,2020
Bukit Timah,Hillcrest,75_to_79,260,2020
Bukit Timah,Hillcrest,80_to_84,200,2020
Bukit Timah,Hillcrest,85_to_89,130,2020
Bukit Timah,Hillcrest,90_and_over,80,2020
Bukit Timah,Holland Road,0_to_4,460,2020
Bukit Timah,Holland Road,10_to_14,800,2020
Bukit Timah,Holland Road,15_to_19,770,2020
Bukit Timah,Holland Road,20_to_24,670,2020
Bukit Timah,Holland Road,25_to_29,510,2020
Bukit Timah,Holland Road,30_to_34,510,2020
Bukit Timah,Holland Road,35_to_39,650,2020
Bukit Timah,Holland Road,40_to_44,890,2020
Bukit Timah,Holland Road,45_to_49,1080,2020
Bukit Timah,Holland Road,50_to_54,920,2020
Bukit Timah,Holland Road,55_to_59,700,2020
Bukit Timah,Holland Road,5_to_9,790,2020
Bukit Timah,Holland Road,60_to_64,570,2020
Bukit Timah,Holland Road,65_to_69,490,2020
Bukit Timah,Holland Road,70_to_74,420,2020
Bukit Timah,Holland Road,75_to_79,250,2020
Bukit Timah,Holland Road,80_to_84,200,2020
Bukit Timah,Holland Road,85_to_89,110,2020
Bukit Timah,Holland Road,90_and_over,70,2020
Bukit Timah,Leedon Park,0_to_4,300,2020
Bukit Timah,Leedon Park,10_to_14,410,2020
Bukit Timah,Leedon Park,15_to_19,370,2020
Bukit Timah,Leedon Park,20_to_24,360,2020
Bukit Timah,Leedon Park,25_to_29,360,2020
Bukit Timah,Leedon Park,30_to_34,340,2020
Bukit Timah,Leedon Park,35_to_39,400,2020
Bukit Timah,Leedon Park,40_to_44,510,2020
Bukit Timah,Leedon Park,45_to_49,570,2020
Bukit Timah,Leedon Park,50_to_54,580,2020
Bukit Timah,Leedon Park,55_to_59,430,2020
Bukit Timah,Leedon Park,5_to_9,330,2020
Bukit Timah,Leedon Park,60_to_64,390,2020
Bukit Timah,Leedon Park,65_to_69,340,2020
Bukit Timah,Leedon Park,70_to_74,370,2020
Bukit Timah,Leedon Park,75_to_79,180,2020
Bukit Timah,Leedon Park,80_to_84,110,2020
Bukit Timah,Leedon Park,85_to_89,60,2020
Bukit Timah,Leedon Park,90_and_over,60,2020
Bukit Timah,Swiss Club,0_to_4,240,2020
Bukit Timah,Swiss Club,10_to_14,340,2020
Bukit Timah,Swiss Club,15_to_19,340,2020
Bukit Timah,Swiss Club,20_to_24,310,2020
Bukit Timah,Swiss Club,25_to_29,320,2020
Bukit Timah,Swiss Club,30_to_34,290,2020
Bukit Timah,Swiss Club,35_to_39,370,2020
Bukit Timah,Swiss Club,40_to_44,410,2020
Bukit Timah,Swiss Club,45_to_49,430,2020
Bukit Timah,Swiss Club,50_to_54,420,2020
Bukit Timah,Swiss Club,55_to_59,350,2020
Bukit Timah,Swiss Club,5_to_9,330,2020
Bukit Timah,Swiss Club,60_to_64,320,2020
Bukit Timah,Swiss Club,65_to_69,300,2020
Bukit Timah,Swiss Club,70_to_74,200,2020
Bukit Timah,Swiss Club,75_to_79,160,2020
Bukit Timah,Swiss Club,80_to_84,120,2020
Bukit Timah,Swiss Club,85_to_89,80,2020
Bukit Timah,Swiss Club,90_and_over,70,2020
Bukit Timah,Ulu Pandan,0_to_4,410,2020
Bukit Timah,Ulu Pandan,10_to_14,680,2020
Bukit Timah,Ulu Pandan,15_to_19,650,2020
Bukit Timah,Ulu Pandan,20_to_24,630,2020
Bukit Timah,Ulu Pandan,25_to_29,670,2020
Bukit Timah,Ulu Pandan,30_to_34,580,2020
Bukit Timah,Ulu Pandan,35_to_39,580,2020
Bukit Timah,Ulu Pandan,40_to_44,800,2020
Bukit Timah,Ulu Pandan,45_to_49,930,2020
Bukit Timah,Ulu Pandan,50_to_54,820,2020
Bukit Timah,Ulu Pandan,55_to_59,820,2020
Bukit Timah,Ulu Pandan,5_to_9,630,2020
Bukit Timah,Ulu Pandan,60_to_64,740,2020
Bukit Timah,Ulu Pandan,65_to_69,710,2020
Bukit Timah,Ulu Pandan,70_to_74,650,2020
Bukit Timah,Ulu Pandan,75_to_79,310,2020
Bukit Timah,Ulu Pandan,80_to_84,230,2020
Bukit Timah,Ulu Pandan,85_to_89,130,2020
Bukit Timah,Ulu Pandan,90_and_over,60,2020
Central Water Catchment,Central Water Catchment,0_to_4,0,2020
Central Water Catchment,Central Water Catchment,10_to_14,0,2020
Central Water Catchment,Central Water Catchment,15_to_19,0,2020
Central Water Catchment,Central Water Catchment,20_to_24,0,2020
Central Water Catchment,Central Water Catchment,25_to_29,0,2020
Central Water Catchment,Central Water Catchment,30_to_34,0,2020
Central Water Catchment,Central Water Catchment,35_to_39,0,2020
Central Water Catchment,Central Water Catchment,40_to_44,0,2020
Central Water Catchment,Central Water Catchment,45_to_49,0,2020
Central Water Catchment,Central Water Catchment,50_to_54,0,2020
Central Water Catchment,Central Water Catchment,55_to_59,0,2020
Central Water Catchment,Central Water Catchment,5_to_9,0,2020
Central Water Catchment,Central Water Catchment,60_to_64,0,2020
Central Water Catchment,Central Water Catchment,65_to_69,0,2020
Central Water Catchment,Central Water Catchment,70_to_74,0,2020
Central Water Catchment,Central Water Catchment,75_to_79,0,2020
Central Water Catchment,Central Water Catchment,80_to_84,0,2020
Central Water Catchment,Central Water Catchment,85_to_89,0,2020
Central Water Catchment,Central Water Catchment,90_and_over,0,2020
Changi,Changi Airport,0_to_4,0,2020
Changi,Changi Airport,10_to_14,0,2020
Changi,Changi Airport,15_to_19,0,2020
Changi,Changi Airport,20_to_24,0,2020
Changi,Changi Airport,25_to_29,0,2020
Changi,Changi Airport,30_to_34,0,2020
Changi,Changi Airport,35_to_39,0,2020
Changi,Changi Airport,40_to_44,0,2020
Changi,Changi Airport,45_to_49,0,2020
Changi,Changi Airport,50_to_54,0,2020
Changi,Changi Airport,55_to_59,0,2020
Changi,Changi Airport,5_to_9,0,2020
Changi,Changi Airport,60_to_64,0,2020
Changi,Changi Airport,65_to_69,0,2020
Changi,Changi Airport,70_to_74,0,2020
Changi,Changi Airport,75_to_79,0,2020
Changi,Changi Airport,80_to_84,0,2020
Changi,Changi Airport,85_to_89,0,2020
Changi,Changi Airport,90_and_over,0,2020
Changi,Changi Point,0_to_4,0,2020
Changi,Changi Point,10_to_14,30,2020
Changi,Changi Point,15_to_19,10,2020
Changi,Changi Point,20_to_24,30,2020
Changi,Changi Point,25_to_29,20,2020
Changi,Changi Point,30_to_34,20,2020
Changi,Changi Point,35_to_39,20,2020
Changi,Changi Point,40_to_44,20,2020
Changi,Changi Point,45_to_49,60,2020
Changi,Changi Point,50_to_54,70,2020
Changi,Changi Point,55_to_59,50,2020
Changi,Changi Point,5_to_9,0,2020
Changi,Changi Point,60_to_64,70,2020
Changi,Changi Point,65_to_69,50,2020
Changi,Changi Point,70_to_74,40,2020
Changi,Changi Point,75_to_79,10,2020
Changi,Changi Point,80_to_84,10,2020
Changi,Changi Point,85_to_89,0,2020
Changi,Changi Point,90_and_over,0,2020
Changi,Changi West,0_to_4,120,2020
Changi,Changi West,10_to_14,130,2020
Changi,Changi West,15_to_19,80,2020
Changi,Changi West,20_to_24,60,2020
Changi,Changi West,25_to_29,60,2020
Changi,Changi West,30_to_34,130,2020
Changi,Changi West,35_to_39,140,2020
Changi,Changi West,40_to_44,160,2020
Changi,Changi West,45_to_49,130,2020
Changi,Changi West,50_to_54,80,2020
Changi,Changi West,55_to_59,50,2020
Changi,Changi West,5_to_9,130,2020
Changi,Changi West,60_to_64,30,2020
Changi,Changi West,65_to_69,30,2020
Changi,Changi West,70_to_74,20,2020
Changi,Changi West,75_to_79,0,2020
Changi,Changi West,80_to_84,0,2020
Changi,Changi West,85_to_89,0,2020
Changi,Changi West,90_and_over,0,2020
Changi Bay,Changi Bay,0_to_4,0,2020
Changi Bay,Changi Bay,10_to_14,0,2020
Changi Bay,Changi Bay,15_to_19,0,2020
Changi Bay,Changi Bay,20_to_24,0,2020
Changi Bay,Changi Bay,25_to_29,0,2020
Changi Bay,Changi Bay,30_to_34,0,2020
Changi Bay,Changi Bay,35_to_39,0,2020
Changi Bay,Changi Bay,40_to_44,0,2020
Changi Bay,Changi Bay,45_to_49,0,2020
Changi Bay,Changi Bay,50_to_54,0,2020
Changi Bay,Changi Bay,55_to_59,0,2020
Changi Bay,Changi Bay,5_to_9,0,2020
Changi Bay,Changi Bay,60_to_64,0,2020
Changi Bay,Changi Bay,65_to_69,0,2020
Changi Bay,Changi Bay,70_to_74,0,2020
Changi Bay,Changi Bay,75_to_79,0,2020
Changi Bay,Changi Bay,80_to_84,0,2020
Changi Bay,Changi Bay,85_to_89,0,2020
Changi Bay,Changi Bay,90_and_over,0,2020
Choa Chu Kang,Choa Chu Kang Central,0_to_4,830,2020
Choa Chu Kang,Choa Chu Kang Central,10_to_14,1330,2020
Choa Chu Kang,Choa Chu Kang Central,15_to_19,1430,2020
Choa Chu Kang,Choa Chu Kang Central,20_to_24,1800,2020
Choa Chu Kang,Choa Chu Kang Central,25_to_29,1950,2020
Choa Chu Kang,Choa Chu Kang Central,30_to_34,1360,2020
Choa Chu Kang,Choa Chu Kang Central,35_to_39,1460,2020
Choa Chu Kang,Choa Chu Kang Central,40_to_44,1650,2020
Choa Chu Kang,Choa Chu Kang Central,45_to_49,1820,2020
Choa Chu Kang,Choa Chu Kang Central,50_to_54,1970,2020
Choa Chu Kang,Choa Chu Kang Central,55_to_59,2000,2020
Choa Chu Kang,Choa Chu Kang Central,5_to_9,1100,2020
Choa Chu Kang,Choa Chu Kang Central,60_to_64,1500,2020
Choa Chu Kang,Choa Chu Kang Central,65_to_69,990,2020
Choa Chu Kang,Choa Chu Kang Central,70_to_74,650,2020
Choa Chu Kang,Choa Chu Kang Central,75_to_79,340,2020
Choa Chu Kang,Choa Chu Kang Central,80_to_84,230,2020
Choa Chu Kang,Choa Chu Kang Central,85_to_89,120,2020
Choa Chu Kang,Choa Chu Kang Central,90_and_over,70,2020
Choa Chu Kang,Choa Chu Kang North,0_to_4,850,2020
Choa Chu Kang,Choa Chu Kang North,10_to_14,1640,2020
Choa Chu Kang,Choa Chu Kang North,15_to_19,2410,2020
Choa Chu Kang,Choa Chu Kang North,20_to_24,3510,2020
Choa Chu Kang,Choa Chu Kang North,25_to_29,3060,2020
Choa Chu Kang,Choa Chu Kang North,30_to_34,1680,2020
Choa Chu Kang,Choa Chu Kang North,35_to_39,1580,2020
Choa Chu Kang,Choa Chu Kang North,40_to_44,1650,2020
Choa Chu Kang,Choa Chu Kang North,45_to_49,2280,2020
Choa Chu Kang,Choa Chu Kang North,50_to_54,3430,2020
Choa Chu Kang,Choa Chu Kang North,55_to_59,3230,2020
Choa Chu Kang,Choa Chu Kang North,5_to_9,1140,2020
Choa Chu Kang,Choa Chu Kang North,60_to_64,2280,2020
Choa Chu Kang,Choa Chu Kang North,65_to_69,1410,2020
Choa Chu Kang,Choa Chu Kang North,70_to_74,860,2020
Choa Chu Kang,Choa Chu Kang North,75_to_79,440,2020
Choa Chu Kang,Choa Chu Kang North,80_to_84,340,2020
Choa Chu Kang,Choa Chu Kang North,85_to_89,220,2020
Choa Chu Kang,Choa Chu Kang North,90_and_over,80,2020
Choa Chu Kang,Keat Hong,0_to_4,3550,2020
Choa Chu Kang,Keat Hong,10_to_14,2070,2020
Choa Chu Kang,Keat Hong,15_to_19,2050,2020
Choa Chu Kang,Keat Hong,20_to_24,2320,2020
Choa Chu Kang,Keat Hong,25_to_29,3260,2020
Choa Chu Kang,Keat Hong,30_to_34,4690,2020
Choa Chu Kang,Keat Hong,35_to_39,3470,2020
Choa Chu Kang,Keat Hong,40_to_44,2670,2020
Choa Chu Kang,Keat Hong,45_to_49,2430,2020
Choa Chu Kang,Keat Hong,50_to_54,2430,2020
Choa Chu Kang,Keat Hong,55_to_59,2280,2020
Choa Chu Kang,Keat Hong,5_to_9,2660,2020
Choa Chu Kang,Keat Hong,60_to_64,1720,2020
Choa Chu Kang,Keat Hong,65_to_69,1120,2020
Choa Chu Kang,Keat Hong,70_to_74,700,2020
Choa Chu Kang,Keat Hong,75_to_79,340,2020
Choa Chu Kang,Keat Hong,80_to_84,240,2020
Choa Chu Kang,Keat Hong,85_to_89,160,2020
Choa Chu Kang,Keat Hong,90_and_over,70,2020
Choa Chu Kang,Peng Siang,0_to_4,1650,2020
Choa Chu Kang,Peng Siang,10_to_14,1760,2020
Choa Chu Kang,Peng Siang,15_to_19,2030,2020
Choa Chu Kang,Peng Siang,20_to_24,2570,2020
Choa Chu Kang,Peng Siang,25_to_29,2990,2020
Choa Chu Kang,Peng Siang,30_to_34,2740,2020
Choa Chu Kang,Peng Siang,35_to_39,2640,2020
Choa Chu Kang,Peng Siang,40_to_44,2300,2020
Choa Chu Kang,Peng Siang,45_to_49,2440,2020
Choa Chu Kang,Peng Siang,50_to_54,2680,2020
Choa Chu Kang,Peng Siang,55_to_59,2880,2020
Choa Chu Kang,Peng Siang,5_to_9,1750,2020
Choa Chu Kang,Peng Siang,60_to_64,2390,2020
Choa Chu Kang,Peng Siang,65_to_69,1730,2020
Choa Chu Kang,Peng Siang,70_to_74,1120,2020
Choa Chu Kang,Peng Siang,75_to_79,460,2020
Choa Chu Kang,Peng Siang,80_to_84,280,2020
Choa Chu Kang,Peng Siang,85_to_89,210,2020
Choa Chu Kang,Peng Siang,90_and_over,130,2020
Choa Chu Kang,Teck Whye,0_to_4,780,2020
Choa Chu Kang,Teck Whye,10_to_14,1020,2020
Choa Chu Kang,Teck Whye,15_to_19,1360,2020
Choa Chu Kang,Teck Whye,20_to_24,1910,2020
Choa Chu Kang,Teck Whye,25_to_29,2330,2020
Choa Chu Kang,Teck Whye,30_to_34,1600,2020
Choa Chu Kang,Teck Whye,35_to_39,1360,2020
Choa Chu Kang,Teck Whye,40_to_44,1250,2020
Choa Chu Kang,Teck Whye,45_to_49,1650,2020
Choa Chu Kang,Teck Whye,50_to_54,1920,2020
Choa Chu Kang,Teck Whye,55_to_59,2440,2020
Choa Chu Kang,Teck Whye,5_to_9,770,2020
Choa Chu Kang,Teck Whye,60_to_64,2070,2020
Choa Chu Kang,Teck Whye,65_to_69,1570,2020
Choa Chu Kang,Teck Whye,70_to_74,1050,2020
Choa Chu Kang,Teck Whye,75_to_79,620,2020
Choa Chu Kang,Teck Whye,80_to_84,410,2020
Choa Chu Kang,Teck Whye,85_to_89,210,2020
Choa Chu Kang,Teck Whye,90_and_over,110,2020
Choa Chu Kang,Yew Tee,0_to_4,1360,2020
Choa Chu Kang,Yew Tee,10_to_14,2400,2020
Choa Chu Kang,Yew Tee,15_to_19,2810,2020
Choa Chu Kang,Yew Tee,20_to_24,3370,2020
Choa Chu Kang,Yew Tee,25_to_29,3060,2020
Choa Chu Kang,Yew Tee,30_to_34,2400,2020
Choa Chu Kang,Yew Tee,35_to_39,2650,2020
Choa Chu Kang,Yew Tee,40_to_44,3130,2020
Choa Chu Kang,Yew Tee,45_to_49,3550,2020
Choa Chu Kang,Yew Tee,50_to_54,3700,2020
Choa Chu Kang,Yew Tee,55_to_59,3320,2020
Choa Chu Kang,Yew Tee,5_to_9,1900,2020
Choa Chu Kang,Yew Tee,60_to_64,2850,2020
Choa Chu Kang,Yew Tee,65_to_69,1770,2020
Choa Chu Kang,Yew Tee,70_to_74,1010,2020
Choa Chu Kang,Yew Tee,75_to_79,510,2020
Choa Chu Kang,Yew Tee,80_to_84,340,2020
Choa Chu Kang,Yew Tee,85_to_89,160,2020
Choa Chu Kang,Yew Tee,90_and_over,90,2020
Clementi,Clementi Central,0_to_4,480,2020
Clementi,Clementi Central,10_to_14,710,2020
Clementi,Clementi Central,15_to_19,670,2020
Clementi,Clementi Central,20_to_24,710,2020
Clementi,Clementi Central,25_to_29,860,2020
Clementi,Clementi Central,30_to_34,840,2020
Clementi,Clementi Central,35_to_39,910,2020
Clementi,Clementi Central,40_to_44,1050,2020
Clementi,Clementi Central,45_to_49,1160,2020
Clementi,Clementi Central,50_to_54,990,2020
Clementi,Clementi Central,55_to_59,980,2020
Clementi,Clementi Central,5_to_9,630,2020
Clementi,Clementi Central,60_to_64,1000,2020
Clementi,Clementi Central,65_to_69,1020,2020
Clementi,Clementi Central,70_to_74,920,2020
Clementi,Clementi Central,75_to_79,510,2020
Clementi,Clementi Central,80_to_84,340,2020
Clementi,Clementi Central,85_to_89,180,2020
Clementi,Clementi Central,90_and_over,110,2020
Clementi,Clementi North,0_to_4,1400,2020
Clementi,Clementi North,10_to_14,1160,2020
Clementi,Clementi North,15_to_19,1150,2020
Clementi,Clementi North,20_to_24,1300,2020
Clementi,Clementi North,25_to_29,1550,2020
Clementi,Clementi North,30_to_34,2190,2020
Clementi,Clementi North,35_to_39,2360,2020
Clementi,Clementi North,40_to_44,2200,2020
Clementi,Clementi North,45_to_49,2170,2020
Clementi,Clementi North,50_to_54,1880,2020
Clementi,Clementi North,55_to_59,1990,2020
Clementi,Clementi North,5_to_9,1220,2020
Clementi,Clementi North,60_to_64,1840,2020
Clementi,Clementi North,65_to_69,2060,2020
Clementi,Clementi North,70_to_74,1970,2020
Clementi,Clementi North,75_to_79,1030,2020
Clementi,Clementi North,80_to_84,830,2020
Clementi,Clementi North,85_to_89,400,2020
Clementi,Clementi North,90_and_over,230,2020
Clementi,Clementi West,0_to_4,490,2020
Clementi,Clementi West,10_to_14,750,2020
Clementi,Clementi West,15_to_19,760,2020
Clementi,Clementi West,20_to_24,830,2020
Clementi,Clementi West,25_to_29,820,2020
Clementi,Clementi West,30_to_34,820,2020
Clementi,Clementi West,35_to_39,1010,2020
Clementi,Clementi West,40_to_44,1240,2020
Clementi,Clementi West,45_to_49,1250,2020
Clementi,Clementi West,50_to_54,1180,2020
Clementi,Clementi West,55_to_59,1150,2020
Clementi,Clementi West,5_to_9,640,2020
Clementi,Clementi West,60_to_64,1190,2020
Clementi,Clementi West,65_to_69,1160,2020
Clementi,Clementi West,70_to_74,950,2020
Clementi,Clementi West,75_to_79,470,2020
Clementi,Clementi West,80_to_84,310,2020
Clementi,Clementi West,85_to_89,140,2020
Clementi,Clementi West,90_and_over,70,2020
Clementi,Clementi Woods,0_to_4,680,2020
Clementi,Clementi Woods,10_to_14,810,2020
Clementi,Clementi Woods,15_to_19,820,2020
Clementi,Clementi Woods,20_to_24,830,2020
Clementi,Clementi Woods,25_to_29,870,2020
Clementi,Clementi Woods,30_to_34,1080,2020
Clementi,Clementi Woods,35_to_39,1260,2020
Clementi,Clementi Woods,40_to_44,1170,2020
Clementi,Clementi Woods,45_to_49,1180,2020
Clementi,Clementi Woods,50_to_54,1130,2020
Clementi,Clementi Woods,55_to_59,1170,2020
Clementi,Clementi Woods,5_to_9,750,2020
Clementi,Clementi Woods,60_to_64,1070,2020
Clementi,Clementi Woods,65_to_69,1080,2020
Clementi,Clementi Woods,70_to_74,1000,2020
Clementi,Clementi Woods,75_to_79,520,2020
Clementi,Clementi Woods,80_to_84,370,2020
Clementi,Clementi Woods,85_to_89,170,2020
Clementi,Clementi Woods,90_and_over,90,2020
Clementi,Faber,0_to_4,270,2020
Clementi,Faber,10_to_14,440,2020
Clementi,Faber,15_to_19,320,2020
Clementi,Faber,20_to_24,270,2020
Clementi,Faber,25_to_29,290,2020
Clementi,Faber,30_to_34,370,2020
Clementi,Faber,35_to_39,470,2020
Clementi,Faber,40_to_44,530,2020
Clementi,Faber,45_to_49,500,2020
Clementi,Faber,50_to_54,350,2020
Clementi,Faber,55_to_59,290,2020
Clementi,Faber,5_to_9,430,2020
Clementi,Faber,60_to_64,220,2020
Clementi,Faber,65_to_69,220,2020
Clementi,Faber,70_to_74,170,2020
Clementi,Faber,75_to_79,110,2020
Clementi,Faber,80_to_84,60,2020
Clementi,Faber,85_to_89,30,2020
Clementi,Faber,90_and_over,10,2020
Clementi,Pandan,0_to_4,0,2020
Clementi,Pandan,10_to_14,0,2020
Clementi,Pandan,15_to_19,0,2020
Clementi,Pandan,20_to_24,0,2020
Clementi,Pandan,25_to_29,0,2020
Clementi,Pandan,30_to_34,0,2020
Clementi,Pandan,35_to_39,0,2020
Clementi,Pandan,40_to_44,0,2020
Clementi,Pandan,45_to_49,0,2020
Clementi,Pandan,50_to_54,0,2020
Clementi,Pandan,55_to_59,0,2020
Clementi,Pandan,5_to_9,0,2020
Clementi,Pandan,60_to_64,0,2020
Clementi,Pandan,65_to_69,0,2020
Clementi,Pandan,70_to_74,0,2020
Clementi,Pandan,75_to_79,0,2020
Clementi,Pandan,80_to_84,0,2020
Clementi,Pandan,85_to_89,0,2020
Clementi,Pandan,90_and_over,0,2020
Clementi,Sunset Way,0_to_4,180,2020
Clementi,Sunset Way,10_to_14,280,2020
Clementi,Sunset Way,15_to_19,310,2020
Clementi,Sunset Way,20_to_24,310,2020
Clementi,Sunset Way,25_to_29,340,2020
Clementi,Sunset Way,30_to_34,340,2020
Clementi,Sunset Way,35_to_39,320,2020
Clementi,Sunset Way,40_to_44,370,2020
Clementi,Sunset Way,45_to_49,400,2020
Clementi,Sunset Way,50_to_54,460,2020
Clementi,Sunset Way,55_to_59,430,2020
Clementi,Sunset Way,5_to_9,230,2020
Clementi,Sunset Way,60_to_64,430,2020
Clementi,Sunset Way,65_to_69,490,2020
Clementi,Sunset Way,70_to_74,370,2020
Clementi,Sunset Way,75_to_79,190,2020
Clementi,Sunset Way,80_to_84,140,2020
Clementi,Sunset Way,85_to_89,90,2020
Clementi,Sunset Way,90_and_over,30,2020
Clementi,Toh Tuck,0_to_4,0,2020
Clementi,Toh Tuck,10_to_14,0,2020
Clementi,Toh Tuck,15_to_19,0,2020
Clementi,Toh Tuck,20_to_24,0,2020
Clementi,Toh Tuck,25_to_29,0,2020
Clementi,Toh Tuck,30_to_34,0,2020
Clementi,Toh Tuck,35_to_39,0,2020
Clementi,Toh Tuck,40_to_44,0,2020
Clementi,Toh Tuck,45_to_49,0,2020
Clementi,Toh Tuck,50_to_54,0,2020
Clementi,Toh Tuck,55_to_59,0,2020
Clementi,Toh Tuck,5_to_9,0,2020
Clementi,Toh Tuck,60_to_64,0,2020
Clementi,Toh Tuck,65_to_69,0,2020
Clementi,Toh Tuck,70_to_74,0,2020
Clementi,Toh Tuck,75_to_79,0,2020
Clementi,Toh Tuck,80_to_84,0,2020
Clementi,Toh Tuck,85_to_89,0,2020
Clementi,Toh Tuck,90_and_over,0,2020
Clementi,West Coast,0_to_4,300,2020
Clementi,West Coast,10_to_14,550,2020
Clementi,West Coast,15_to_19,470,2020
Clementi,West Coast,20_to_24,390,2020
Clementi,West Coast,25_to_29,360,2020
Clementi,West Coast,30_to_34,320,2020
Clementi,West Coast,35_to_39,480,2020
Clementi,West Coast,40_to_44,660,2020
Clementi,West Coast,45_to_49,720,2020
Clementi,West Coast,50_to_54,540,2020
Clementi,West Coast,55_to_59,390,2020
Clementi,West Coast,5_to_9,480,2020
Clementi,West Coast,60_to_64,340,2020
Clementi,West Coast,65_to_69,300,2020
Clementi,West Coast,70_to_74,290,2020
Clementi,West Coast,75_to_79,130,2020
Clementi,West Coast,80_to_84,90,2020
Clementi,West Coast,85_to_89,40,2020
Clementi,West Coast,90_and_over,20,2020
Downtown Core,Anson,0_to_4,0,2020
Downtown Core,Anson,10_to_14,0,2020
Downtown Core,Anson,15_to_19,0,2020
Downtown Core,Anson,20_to_24,0,2020
Downtown Core,Anson,25_to_29,0,2020
Downtown Core,Anson,30_to_34,0,2020
Downtown Core,Anson,35_to_39,0,2020
Downtown Core,Anson,40_to_44,0,2020
Downtown Core,Anson,45_to_49,0,2020
Downtown Core,Anson,50_to_54,0,2020
Downtown Core,Anson,55_to_59,0,2020
Downtown Core,Anson,5_to_9,0,2020
Downtown Core,Anson,60_to_64,0,2020
Downtown Core,Anson,65_to_69,0,2020
Downtown Core,Anson,70_to_74,0,2020
Downtown Core,Anson,75_to_79,0,2020
Downtown Core,Anson,80_to_84,0,2020
Downtown Core,Anson,85_to_89,0,2020
Downtown Core,Anson,90_and_over,0,2020
Downtown Core,Bayfront Subzone,0_to_4,0,2020
Downtown Core,Bayfront Subzone,10_to_14,0,2020
Downtown Core,Bayfront Subzone,15_to_19,0,2020
Downtown Core,Bayfront Subzone,20_to_24,0,2020
Downtown Core,Bayfront Subzone,25_to_29,0,2020
Downtown Core,Bayfront Subzone,30_to_34,0,2020
Downtown Core,Bayfront Subzone,35_to_39,0,2020
Downtown Core,Bayfront Subzone,40_to_44,0,2020
Downtown Core,Bayfront Subzone,45_to_49,0,2020
Downtown Core,Bayfront Subzone,50_to_54,0,2020
Downtown Core,Bayfront Subzone,55_to_59,0,2020
Downtown Core,Bayfront Subzone,5_to_9,0,2020
Downtown Core,Bayfront Subzone,60_to_64,0,2020
Downtown Core,Bayfront Subzone,65_to_69,0,2020
Downtown Core,Bayfront Subzone,70_to_74,0,2020
Downtown Core,Bayfront Subzone,75_to_79,0,2020
Downtown Core,Bayfront Subzone,80_to_84,0,2020
Downtown Core,Bayfront Subzone,85_to_89,0,2020
Downtown Core,Bayfront Subzone,90_and_over,0,2020
Downtown Core,Bugis,0_to_4,20,2020
Downtown Core,Bugis,10_to_14,10,2020
Downtown Core,Bugis,15_to_19,30,2020
Downtown Core,Bugis,20_to_24,40,2020
Downtown Core,Bugis,25_to_29,50,2020
Downtown Core,Bugis,30_to_34,70,2020
Downtown Core,Bugis,35_to_39,100,2020
Downtown Core,Bugis,40_to_44,70,2020
Downtown Core,Bugis,45_to_49,70,2020
Downtown Core,Bugis,50_to_54,70,2020
Downtown Core,Bugis,55_to_59,60,2020
Downtown Core,Bugis,5_to_9,30,2020
Downtown Core,Bugis,60_to_64,60,2020
Downtown Core,Bugis,65_to_69,60,2020
Downtown Core,Bugis,70_to_74,70,2020
Downtown Core,Bugis,75_to_79,30,2020
Downtown Core,Bugis,80_to_84,40,2020
Downtown Core,Bugis,85_to_89,10,2020
Downtown Core,Bugis,90_and_over,20,2020
Downtown Core,Cecil,0_to_4,10,2020
Downtown Core,Cecil,10_to_14,0,2020
Downtown Core,Cecil,15_to_19,0,2020
Downtown Core,Cecil,20_to_24,10,2020
Downtown Core,Cecil,25_to_29,20,2020
Downtown Core,Cecil,30_to_34,40,2020
Downtown Core,Cecil,35_to_39,60,2020
Downtown Core,Cecil,40_to_44,40,2020
Downtown Core,Cecil,45_to_49,20,2020
Downtown Core,Cecil,50_to_54,20,2020
Downtown Core,Cecil,55_to_59,20,2020
Downtown Core,Cecil,5_to_9,0,2020
Downtown Core,Cecil,60_to_64,10,2020
Downtown Core,Cecil,65_to_69,0,2020
Downtown Core,Cecil,70_to_74,0,2020
Downtown Core,Cecil,75_to_79,0,2020
Downtown Core,Cecil,80_to_84,0,2020
Downtown Core,Cecil,85_to_89,0,2020
Downtown Core,Cecil,90_and_over,0,2020
Downtown Core,Central Subzone,0_to_4,40,2020
Downtown Core,Central Subzone,10_to_14,30,2020
Downtown Core,Central Subzone,15_to_19,30,2020
Downtown Core,Central Subzone,20_to_24,20,2020
Downtown Core,Central Subzone,25_to_29,60,2020
Downtown Core,Central Subzone,30_to_34,90,2020
Downtown Core,Central Subzone,35_to_39,110,2020
Downtown Core,Central Subzone,40_to_44,100,2020
Downtown Core,Central Subzone,45_to_49,130,2020
Downtown Core,Central Subzone,50_to_54,70,2020
Downtown Core,Central Subzone,55_to_59,60,2020
Downtown Core,Central Subzone,5_to_9,50,2020
Downtown Core,Central Subzone,60_to_64,40,2020
Downtown Core,Central Subzone,65_to_69,20,2020
Downtown Core,Central Subzone,70_to_74,20,2020
Downtown Core,Central Subzone,75_to_79,0,2020
Downtown Core,Central Subzone,80_to_84,0,2020
Downtown Core,Central Subzone,85_to_89,0,2020
Downtown Core,Central Subzone,90_and_over,0,2020
Downtown Core,City Hall,0_to_4,0,2020
Downtown Core,City Hall,10_to_14,0,2020
Downtown Core,City Hall,15_to_19,0,2020
Downtown Core,City Hall,20_to_24,0,2020
Downtown Core,City Hall,25_to_29,0,2020
Downtown Core,City Hall,30_to_34,0,2020
Downtown Core,City Hall,35_to_39,0,2020
Downtown Core,City Hall,40_to_44,0,2020
Downtown Core,City Hall,45_to_49,0,2020
Downtown Core,City Hall,50_to_54,0,2020
Downtown Core,City Hall,55_to_59,0,2020
Downtown Core,City Hall,5_to_9,0,2020
Downtown Core,City Hall,60_to_64,0,2020
Downtown Core,City Hall,65_to_69,0,2020
Downtown Core,City Hall,70_to_74,0,2020
Downtown Core,City Hall,75_to_79,0,2020
Downtown Core,City Hall,80_to_84,0,2020
Downtown Core,City Hall,85_to_89,0,2020
Downtown Core,City Hall,90_and_over,0,2020
Downtown Core,Clifford Pier,0_to_4,0,2020
Downtown Core,Clifford Pier,10_to_14,0,2020
Downtown Core,Clifford Pier,15_to_19,0,2020
Downtown Core,Clifford Pier,20_to_24,0,2020
Downtown Core,Clifford Pier,25_to_29,0,2020
Downtown Core,Clifford Pier,30_to_34,0,2020
Downtown Core,Clifford Pier,35_to_39,0,2020
Downtown Core,Clifford Pier,40_to_44,0,2020
Downtown Core,Clifford Pier,45_to_49,0,2020
Downtown Core,Clifford Pier,50_to_54,0,2020
Downtown Core,Clifford Pier,55_to_59,0,2020
Downtown Core,Clifford Pier,5_to_9,0,2020
Downtown Core,Clifford Pier,60_to_64,0,2020
Downtown Core,Clifford Pier,65_to_69,0,2020
Downtown Core,Clifford Pier,70_to_74,0,2020
Downtown Core,Clifford Pier,75_to_79,0,2020
Downtown Core,Clifford Pier,80_to_84,0,2020
Downtown Core,Clifford Pier,85_to_89,0,2020
Downtown Core,Clifford Pier,90_and_over,0,2020
Downtown Core,Marina Centre,0_to_4,0,2020
Downtown Core,Marina Centre,10_to_14,0,2020
Downtown Core,Marina Centre,15_to_19,0,2020
Downtown Core,Marina Centre,20_to_24,0,2020
Downtown Core,Marina Centre,25_to_29,0,2020
Downtown Core,Marina Centre,30_to_34,0,2020
Downtown Core,Marina Centre,35_to_39,0,2020
Downtown Core,Marina Centre,40_to_44,0,2020
Downtown Core,Marina Centre,45_to_49,0,2020
Downtown Core,Marina Centre,50_to_54,0,2020
Downtown Core,Marina Centre,55_to_59,0,2020
Downtown Core,Marina Centre,5_to_9,0,2020
Downtown Core,Marina Centre,60_to_64,0,2020
Downtown Core,Marina Centre,65_to_69,0,2020
Downtown Core,Marina Centre,70_to_74,0,2020
Downtown Core,Marina Centre,75_to_79,0,2020
Downtown Core,Marina Centre,80_to_84,0,2020
Downtown Core,Marina Centre,85_to_89,0,2020
Downtown Core,Marina Centre,90_and_over,0,2020
Downtown Core,Maxwell,0_to_4,0,2020
Downtown Core,Maxwell,10_to_14,0,2020
Downtown Core,Maxwell,15_to_19,0,2020
Downtown Core,Maxwell,20_to_24,0,2020
Downtown Core,Maxwell,25_to_29,0,2020
Downtown Core,Maxwell,30_to_34,0,2020
Downtown Core,Maxwell,35_to_39,0,2020
Downtown Core,Maxwell,40_to_44,0,2020
Downtown Core,Maxwell,45_to_49,0,2020
Downtown Core,Maxwell,50_to_54,0,2020
Downtown Core,Maxwell,55_to_59,0,2020
Downtown Core,Maxwell,5_to_9,0,2020
Downtown Core,Maxwell,60_to_64,0,2020
Downtown Core,Maxwell,65_to_69,0,2020
Downtown Core,Maxwell,70_to_74,0,2020
Downtown Core,Maxwell,75_to_79,0,2020
Downtown Core,Maxwell,80_to_84,0,2020
Downtown Core,Maxwell,85_to_89,0,2020
Downtown Core,Maxwell,90_and_over,0,2020
Downtown Core,Nicoll,0_to_4,10,2020
Downtown Core,Nicoll,10_to_14,0,2020
Downtown Core,Nicoll,15_to_19,10,2020
Downtown Core,Nicoll,20_to_24,20,2020
Downtown Core,Nicoll,25_to_29,20,2020
Downtown Core,Nicoll,30_to_34,20,2020
Downtown Core,Nicoll,35_to_39,20,2020
Downtown Core,Nicoll,40_to_44,30,2020
Downtown Core,Nicoll,45_to_49,30,2020
Downtown Core,Nicoll,50_to_54,20,2020
Downtown Core,Nicoll,55_to_59,20,2020
Downtown Core,Nicoll,5_to_9,0,2020
Downtown Core,Nicoll,60_to_64,20,2020
Downtown Core,Nicoll,65_to_69,20,2020
Downtown Core,Nicoll,70_to_74,20,2020
Downtown Core,Nicoll,75_to_79,0,2020
Downtown Core,Nicoll,80_to_84,0,2020
Downtown Core,Nicoll,85_to_89,0,2020
Downtown Core,Nicoll,90_and_over,0,2020
Downtown Core,Phillip,0_to_4,0,2020
Downtown Core,Phillip,10_to_14,0,2020
Downtown Core,Phillip,15_to_19,0,2020
Downtown Core,Phillip,20_to_24,0,2020
Downtown Core,Phillip,25_to_29,0,2020
Downtown Core,Phillip,30_to_34,0,2020
Downtown Core,Phillip,35_to_39,0,2020
Downtown Core,Phillip,40_to_44,0,2020
Downtown Core,Phillip,45_to_49,0,2020
Downtown Core,Phillip,50_to_54,0,2020
Downtown Core,Phillip,55_to_59,0,2020
Downtown Core,Phillip,5_to_9,0,2020
Downtown Core,Phillip,60_to_64,0,2020
Downtown Core,Phillip,65_to_69,0,2020
Downtown Core,Phillip,70_to_74,0,2020
Downtown Core,Phillip,75_to_79,0,2020
Downtown Core,Phillip,80_to_84,0,2020
Downtown Core,Phillip,85_to_89,0,2020
Downtown Core,Phillip,90_and_over,0,2020
Downtown Core,Raffles Place,0_to_4,0,2020
Downtown Core,Raffles Place,10_to_14,0,2020
Downtown Core,Raffles Place,15_to_19,0,2020
Downtown Core,Raffles Place,20_to_24,0,2020
Downtown Core,Raffles Place,25_to_29,0,2020
Downtown Core,Raffles Place,30_to_34,0,2020
Downtown Core,Raffles Place,35_to_39,0,2020
Downtown Core,Raffles Place,40_to_44,0,2020
Downtown Core,Raffles Place,45_to_49,0,2020
Downtown Core,Raffles Place,50_to_54,0,2020
Downtown Core,Raffles Place,55_to_59,0,2020
Downtown Core,Raffles Place,5_to_9,0,2020
Downtown Core,Raffles Place,60_to_64,0,2020
Downtown Core,Raffles Place,65_to_69,0,2020
Downtown Core,Raffles Place,70_to_74,0,2020
Downtown Core,Raffles Place,75_to_79,0,2020
Downtown Core,Raffles Place,80_to_84,0,2020
Downtown Core,Raffles Place,85_to_89,0,2020
Downtown Core,Raffles Place,90_and_over,0,2020
Downtown Core,Tanjong Pagar,0_to_4,20,2020
Downtown Core,Tanjong Pagar,10_to_14,10,2020
Downtown Core,Tanjong Pagar,15_to_19,10,2020
Downtown Core,Tanjong Pagar,20_to_24,20,2020
Downtown Core,Tanjong Pagar,25_to_29,50,2020
Downtown Core,Tanjong Pagar,30_to_34,100,2020
Downtown Core,Tanjong Pagar,35_to_39,100,2020
Downtown Core,Tanjong Pagar,40_to_44,80,2020
Downtown Core,Tanjong Pagar,45_to_49,70,2020
Downtown Core,Tanjong Pagar,50_to_54,50,2020
Downtown Core,Tanjong Pagar,55_to_59,50,2020
Downtown Core,Tanjong Pagar,5_to_9,20,2020
Downtown Core,Tanjong Pagar,60_to_64,30,2020
Downtown Core,Tanjong Pagar,65_to_69,20,2020
Downtown Core,Tanjong Pagar,70_to_74,20,2020
Downtown Core,Tanjong Pagar,75_to_79,0,2020
Downtown Core,Tanjong Pagar,80_to_84,0,2020
Downtown Core,Tanjong Pagar,85_to_89,0,2020
Downtown Core,Tanjong Pagar,90_and_over,30,2020
Geylang,Aljunied,0_to_4,1250,2020
Geylang,Aljunied,10_to_14,1740,2020
Geylang,Aljunied,15_to_19,1660,2020
Geylang,Aljunied,20_to_24,1930,2020
Geylang,Aljunied,25_to_29,2840,2020
Geylang,Aljunied,30_to_34,3000,2020
Geylang,Aljunied,35_to_39,2980,2020
Geylang,Aljunied,40_to_44,2990,2020
Geylang,Aljunied,45_to_49,3260,2020
Geylang,Aljunied,50_to_54,2860,2020
Geylang,Aljunied,55_to_59,3100,2020
Geylang,Aljunied,5_to_9,1500,2020
Geylang,Aljunied,60_to_64,3130,2020
Geylang,Aljunied,65_to_69,2620,2020
Geylang,Aljunied,70_to_74,2080,2020
Geylang,Aljunied,75_to_79,1170,2020
Geylang,Aljunied,80_to_84,970,2020
Geylang,Aljunied,85_to_89,580,2020
Geylang,Aljunied,90_and_over,400,2020
Geylang,Geylang East,0_to_4,1100,2020
Geylang,Geylang East,10_to_14,1460,2020
Geylang,Geylang East,15_to_19,1360,2020
Geylang,Geylang East,20_to_24,1560,2020
Geylang,Geylang East,25_to_29,2050,2020
Geylang,Geylang East,30_to_34,2000,2020
Geylang,Geylang East,35_to_39,2160,2020
Geylang,Geylang East,40_to_44,2340,2020
Geylang,Geylang East,45_to_49,2340,2020
Geylang,Geylang East,50_to_54,2040,2020
Geylang,Geylang East,55_to_59,2120,2020
Geylang,Geylang East,5_to_9,1320,2020
Geylang,Geylang East,60_to_64,2260,2020
Geylang,Geylang East,65_to_69,1970,2020
Geylang,Geylang East,70_to_74,1740,2020
Geylang,Geylang East,75_to_79,900,2020
Geylang,Geylang East,80_to_84,670,2020
Geylang,Geylang East,85_to_89,420,2020
Geylang,Geylang East,90_and_over,210,2020
Geylang,Kallang Way,0_to_4,0,2020
Geylang,Kallang Way,10_to_14,0,2020
Geylang,Kallang Way,15_to_19,0,2020
Geylang,Kallang Way,20_to_24,0,2020
Geylang,Kallang Way,25_to_29,0,2020
Geylang,Kallang Way,30_to_34,0,2020
Geylang,Kallang Way,35_to_39,0,2020
Geylang,Kallang Way,40_to_44,0,2020
Geylang,Kallang Way,45_to_49,0,2020
Geylang,Kallang Way,50_to_54,0,2020
Geylang,Kallang Way,55_to_59,0,2020
Geylang,Kallang Way,5_to_9,0,2020
Geylang,Kallang Way,60_to_64,0,2020
Geylang,Kallang Way,65_to_69,0,2020
Geylang,Kallang Way,70_to_74,0,2020
Geylang,Kallang Way,75_to_79,0,2020
Geylang,Kallang Way,80_to_84,0,2020
Geylang,Kallang Way,85_to_89,0,2020
Geylang,Kallang Way,90_and_over,0,2020
Geylang,Kampong Ubi,0_to_4,410,2020
Geylang,Kampong Ubi,10_to_14,530,2020
Geylang,Kampong Ubi,15_to_19,570,2020
Geylang,Kampong Ubi,20_to_24,760,2020
Geylang,Kampong Ubi,25_to_29,1030,2020
Geylang,Kampong Ubi,30_to_34,1020,2020
Geylang,Kampong Ubi,35_to_39,800,2020
Geylang,Kampong Ubi,40_to_44,800,2020
Geylang,Kampong Ubi,45_to_49,740,2020
Geylang,Kampong Ubi,50_to_54,760,2020
Geylang,Kampong Ubi,55_to_59,1010,2020
Geylang,Kampong Ubi,5_to_9,460,2020
Geylang,Kampong Ubi,60_to_64,1110,2020
Geylang,Kampong Ubi,65_to_69,840,2020
Geylang,Kampong Ubi,70_to_74,530,2020
Geylang,Kampong Ubi,75_to_79,260,2020
Geylang,Kampong Ubi,80_to_84,130,2020
Geylang,Kampong Ubi,85_to_89,60,2020
Geylang,Kampong Ubi,90_and_over,40,2020
Geylang,Macpherson,0_to_4,1210,2020
Geylang,Macpherson,10_to_14,1100,2020
Geylang,Macpherson,15_to_19,1280,2020
Geylang,Macpherson,20_to_24,1520,2020
Geylang,Macpherson,25_to_29,2030,2020
Geylang,Macpherson,30_to_34,2280,2020
Geylang,Macpherson,35_to_39,1880,2020
Geylang,Macpherson,40_to_44,1700,2020
Geylang,Macpherson,45_to_49,1870,2020
Geylang,Macpherson,50_to_54,2190,2020
Geylang,Macpherson,55_to_59,2410,2020
Geylang,Macpherson,5_to_9,1020,2020
Geylang,Macpherson,60_to_64,2360,2020
Geylang,Macpherson,65_to_69,1890,2020
Geylang,Macpherson,70_to_74,1370,2020
Geylang,Macpherson,75_to_79,910,2020
Geylang,Macpherson,80_to_84,800,2020
Geylang,Macpherson,85_to_89,450,2020
Geylang,Macpherson,90_and_over,240,2020
Hougang,Defu Industrial Park,0_to_4,0,2020
Hougang,Defu Industrial Park,10_to_14,0,2020
Hougang,Defu Industrial Park,15_to_19,0,2020
Hougang,Defu Industrial Park,20_to_24,0,2020
Hougang,Defu Industrial Park,25_to_29,0,2020
Hougang,Defu Industrial Park,30_to_34,0,2020
Hougang,Defu Industrial Park,35_to_39,0,2020
Hougang,Defu Industrial Park,40_to_44,0,2020
Hougang,Defu Industrial Park,45_to_49,0,2020
Hougang,Defu Industrial Park,50_to_54,0,2020
Hougang,Defu Industrial Park,55_to_59,0,2020
Hougang,Defu Industrial Park,5_to_9,0,2020
Hougang,Defu Industrial Park,60_to_64,0,2020
Hougang,Defu Industrial Park,65_to_69,0,2020
Hougang,Defu Industrial Park,70_to_74,0,2020
Hougang,Defu Industrial Park,75_to_79,0,2020
Hougang,Defu Industrial Park,80_to_84,0,2020
Hougang,Defu Industrial Park,85_to_89,0,2020
Hougang,Defu Industrial Park,90_and_over,0,2020
Hougang,Hougang Central,0_to_4,120,2020
Hougang,Hougang Central,10_to_14,210,2020
Hougang,Hougang Central,15_to_19,270,2020
Hougang,Hougang Central,20_to_24,360,2020
Hougang,Hougang Central,25_to_29,430,2020
Hougang,Hougang Central,30_to_34,340,2020
Hougang,Hougang Central,35_to_39,260,2020
Hougang,Hougang Central,40_to_44,240,2020
Hougang,Hougang Central,45_to_49,310,2020
Hougang,Hougang Central,50_to_54,410,2020
Hougang,Hougang Central,55_to_59,400,2020
Hougang,Hougang Central,5_to_9,110,2020
Hougang,Hougang Central,60_to_64,440,2020
Hougang,Hougang Central,65_to_69,300,2020
Hougang,Hougang Central,70_to_74,210,2020
Hougang,Hougang Central,75_to_79,120,2020
Hougang,Hougang Central,80_to_84,90,2020
Hougang,Hougang Central,85_to_89,50,2020
Hougang,Hougang Central,90_and_over,30,2020
Hougang,Hougang East,0_to_4,1360,2020
Hougang,Hougang East,10_to_14,1040,2020
Hougang,Hougang East,15_to_19,1090,2020
Hougang,Hougang East,20_to_24,1470,2020
Hougang,Hougang East,25_to_29,2110,2020
Hougang,Hougang East,30_to_34,2280,2020
Hougang,Hougang East,35_to_39,2150,2020
Hougang,Hougang East,40_to_44,1710,2020
Hougang,Hougang East,45_to_49,1660,2020
Hougang,Hougang East,50_to_54,1620,2020
Hougang,Hougang East,55_to_59,2060,2020
Hougang,Hougang East,5_to_9,1240,2020
Hougang,Hougang East,60_to_64,1870,2020
Hougang,Hougang East,65_to_69,1380,2020
Hougang,Hougang East,70_to_74,910,2020
Hougang,Hougang East,75_to_79,470,2020
Hougang,Hougang East,80_to_84,280,2020
Hougang,Hougang East,85_to_89,150,2020
Hougang,Hougang East,90_and_over,80,2020
Hougang,Hougang West,0_to_4,1330,2020
Hougang,Hougang West,10_to_14,1730,2020
Hougang,Hougang West,15_to_19,2000,2020
Hougang,Hougang West,20_to_24,2900,2020
Hougang,Hougang West,25_to_29,4040,2020
Hougang,Hougang West,30_to_34,3550,2020
Hougang,Hougang West,35_to_39,2750,2020
Hougang,Hougang West,40_to_44,2600,2020
Hougang,Hougang West,45_to_49,2960,2020
Hougang,Hougang West,50_to_54,3320,2020
Hougang,Hougang West,55_to_59,4440,2020
Hougang,Hougang West,5_to_9,1420,2020
Hougang,Hougang West,60_to_64,4420,2020
Hougang,Hougang West,65_to_69,3400,2020
Hougang,Hougang West,70_to_74,2220,2020
Hougang,Hougang West,75_to_79,1100,2020
Hougang,Hougang West,80_to_84,750,2020
Hougang,Hougang West,85_to_89,440,2020
Hougang,Hougang West,90_and_over,220,2020
Hougang,Kangkar,0_to_4,1740,2020
Hougang,Kangkar,10_to_14,1570,2020
Hougang,Kangkar,15_to_19,1590,2020
Hougang,Kangkar,20_to_24,1710,2020
Hougang,Kangkar,25_to_29,2040,2020
Hougang,Kangkar,30_to_34,2720,2020
Hougang,Kangkar,35_to_39,2800,2020
Hougang,Kangkar,40_to_44,2480,2020
Hougang,Kangkar,45_to_49,2520,2020
Hougang,Kangkar,50_to_54,2170,2020
Hougang,Kangkar,55_to_59,2310,2020
Hougang,Kangkar,5_to_9,1740,2020
Hougang,Kangkar,60_to_64,2190,2020
Hougang,Kangkar,65_to_69,1810,2020
Hougang,Kangkar,70_to_74,1280,2020
Hougang,Kangkar,75_to_79,730,2020
Hougang,Kangkar,80_to_84,530,2020
Hougang,Kangkar,85_to_89,250,2020
Hougang,Kangkar,90_and_over,120,2020
Hougang,Kovan,0_to_4,910,2020
Hougang,Kovan,10_to_14,1270,2020
Hougang,Kovan,15_to_19,1420,2020
Hougang,Kovan,20_to_24,1640,2020
Hougang,Kovan,25_to_29,1910,2020
Hougang,Kovan,30_to_34,1670,2020
Hougang,Kovan,35_to_39,1550,2020
Hougang,Kovan,40_to_44,1700,2020
Hougang,Kovan,45_to_49,1980,2020
Hougang,Kovan,50_to_54,1730,2020
Hougang,Kovan,55_to_59,1950,2020
Hougang,Kovan,5_to_9,1130,2020
Hougang,Kovan,60_to_64,1910,2020
Hougang,Kovan,65_to_69,1520,2020
Hougang,Kovan,70_to_74,1130,2020
Hougang,Kovan,75_to_79,600,2020
Hougang,Kovan,80_to_84,460,2020
Hougang,Kovan,85_to_89,260,2020
Hougang,Kovan,90_and_over,180,2020
Hougang,Lorong Ah Soo,0_to_4,950,2020
Hougang,Lorong Ah Soo,10_to_14,1410,2020
Hougang,Lorong Ah Soo,15_to_19,1690,2020
Hougang,Lorong Ah Soo,20_to_24,1900,2020
Hougang,Lorong Ah Soo,25_to_29,2290,2020
Hougang,Lorong Ah Soo,30_to_34,2170,2020
Hougang,Lorong Ah Soo,35_to_39,2010,2020
Hougang,Lorong Ah Soo,40_to_44,2180,2020
Hougang,Lorong Ah Soo,45_to_49,2500,2020
Hougang,Lorong Ah Soo,50_to_54,2410,2020
Hougang,Lorong Ah Soo,55_to_59,2600,2020
Hougang,Lorong Ah Soo,5_to_9,1130,2020
Hougang,Lorong Ah Soo,60_to_64,2720,2020
Hougang,Lorong Ah Soo,65_to_69,2300,2020
Hougang,Lorong Ah Soo,70_to_74,1830,2020
Hougang,Lorong Ah Soo,75_to_79,980,2020
Hougang,Lorong Ah Soo,80_to_84,760,2020
Hougang,Lorong Ah Soo,85_to_89,420,2020
Hougang,Lorong Ah Soo,90_and_over,200,2020
Hougang,Lorong Halus,0_to_4,0,2020
Hougang,Lorong Halus,10_to_14,0,2020
Hougang,Lorong Halus,15_to_19,0,2020
Hougang,Lorong Halus,20_to_24,0,2020
Hougang,Lorong Halus,25_to_29,0,2020
Hougang,Lorong Halus,30_to_34,0,2020
Hougang,Lorong Halus,35_to_39,0,2020
Hougang,Lorong Halus,40_to_44,0,2020
Hougang,Lorong Halus,45_to_49,0,2020
Hougang,Lorong Halus,50_to_54,0,2020
Hougang,Lorong Halus,55_to_59,0,2020
Hougang,Lorong Halus,5_to_9,0,2020
Hougang,Lorong Halus,60_to_64,0,2020
Hougang,Lorong Halus,65_to_69,0,2020
Hougang,Lorong Halus,70_to_74,0,2020
Hougang,Lorong Halus,75_to_79,0,2020
Hougang,Lorong Halus,80_to_84,0,2020
Hougang,Lorong Halus,85_to_89,0,2020
Hougang,Lorong Halus,90_and_over,0,2020
Hougang,Tai Seng,0_to_4,440,2020
Hougang,Tai Seng,10_to_14,680,2020
Hougang,Tai Seng,15_to_19,740,2020
Hougang,Tai Seng,20_to_24,970,2020
Hougang,Tai Seng,25_to_29,990,2020
Hougang,Tai Seng,30_to_34,830,2020
Hougang,Tai Seng,35_to_39,730,2020
Hougang,Tai Seng,40_to_44,870,2020
Hougang,Tai Seng,45_to_49,960,2020
Hougang,Tai Seng,50_to_54,1040,2020
Hougang,Tai Seng,55_to_59,1200,2020
Hougang,Tai Seng,5_to_9,580,2020
Hougang,Tai Seng,60_to_64,1170,2020
Hougang,Tai Seng,65_to_69,970,2020
Hougang,Tai Seng,70_to_74,660,2020
Hougang,Tai Seng,75_to_79,420,2020
Hougang,Tai Seng,80_to_84,350,2020
Hougang,Tai Seng,85_to_89,190,2020
Hougang,Tai Seng,90_and_over,130,2020
Hougang,Trafalgar,0_to_4,2260,2020
Hougang,Trafalgar,10_to_14,2430,2020
Hougang,Trafalgar,15_to_19,2710,2020
Hougang,Trafalgar,20_to_24,3210,2020
Hougang,Trafalgar,25_to_29,3820,2020
Hougang,Trafalgar,30_to_34,3640,2020
Hougang,Trafalgar,35_to_39,3200,2020
Hougang,Trafalgar,40_to_44,3350,2020
Hougang,Trafalgar,45_to_49,3690,2020
Hougang,Trafalgar,50_to_54,3980,2020
Hougang,Trafalgar,55_to_59,4160,2020
Hougang,Trafalgar,5_to_9,2120,2020
Hougang,Trafalgar,60_to_64,3940,2020
Hougang,Trafalgar,65_to_69,2870,2020
Hougang,Trafalgar,70_to_74,1940,2020
Hougang,Trafalgar,75_to_79,900,2020
Hougang,Trafalgar,80_to_84,590,2020
Hougang,Trafalgar,85_to_89,350,2020
Hougang,Trafalgar,90_and_over,160,2020
Jurong East,International Business Park,0_to_4,0,2020
Jurong East,International Business Park,10_to_14,0,2020
Jurong East,International Business Park,15_to_19,0,2020
Jurong East,International Business Park,20_to_24,0,2020
Jurong East,International Business Park,25_to_29,0,2020
Jurong East,International Business Park,30_to_34,0,2020
Jurong East,International Business Park,35_to_39,0,2020
Jurong East,International Business Park,40_to_44,0,2020
Jurong East,International Business Park,45_to_49,0,2020
Jurong East,International Business Park,50_to_54,0,2020
Jurong East,International Business Park,55_to_59,0,2020
Jurong East,International Business Park,5_to_9,0,2020
Jurong East,International Business Park,60_to_64,0,2020
Jurong East,International Business Park,65_to_69,0,2020
Jurong East,International Business Park,70_to_74,0,2020
Jurong East,International Business Park,75_to_79,0,2020
Jurong East,International Business Park,80_to_84,0,2020
Jurong East,International Business Park,85_to_89,0,2020
Jurong East,International Business Park,90_and_over,0,2020
Jurong East,Jurong Gateway,0_to_4,20,2020
Jurong East,Jurong Gateway,10_to_14,20,2020
Jurong East,Jurong Gateway,15_to_19,30,2020
Jurong East,Jurong Gateway,20_to_24,20,2020
Jurong East,Jurong Gateway,25_to_29,50,2020
Jurong East,Jurong Gateway,30_to_34,40,2020
Jurong East,Jurong Gateway,35_to_39,40,2020
Jurong East,Jurong Gateway,40_to_44,50,2020
Jurong East,Jurong Gateway,45_to_49,60,2020
Jurong East,Jurong Gateway,50_to_54,30,2020
Jurong East,Jurong Gateway,55_to_59,20,2020
Jurong East,Jurong Gateway,5_to_9,20,2020
Jurong East,Jurong Gateway,60_to_64,20,2020
Jurong East,Jurong Gateway,65_to_69,10,2020
Jurong East,Jurong Gateway,70_to_74,10,2020
Jurong East,Jurong Gateway,75_to_79,0,2020
Jurong East,Jurong Gateway,80_to_84,0,2020
Jurong East,Jurong Gateway,85_to_89,0,2020
Jurong East,Jurong Gateway,90_and_over,0,2020
Jurong East,Jurong Port,0_to_4,0,2020
Jurong East,Jurong Port,10_to_14,0,2020
Jurong East,Jurong Port,15_to_19,0,2020
Jurong East,Jurong Port,20_to_24,0,2020
Jurong East,Jurong Port,25_to_29,0,2020
Jurong East,Jurong Port,30_to_34,0,2020
Jurong East,Jurong Port,35_to_39,0,2020
Jurong East,Jurong Port,40_to_44,0,2020
Jurong East,Jurong Port,45_to_49,0,2020
Jurong East,Jurong Port,50_to_54,0,2020
Jurong East,Jurong Port,55_to_59,0,2020
Jurong East,Jurong Port,5_to_9,0,2020
Jurong East,Jurong Port,60_to_64,0,2020
Jurong East,Jurong Port,65_to_69,0,2020
Jurong East,Jurong Port,70_to_74,0,2020
Jurong East,Jurong Port,75_to_79,0,2020
Jurong East,Jurong Port,80_to_84,0,2020
Jurong East,Jurong Port,85_to_89,0,2020
Jurong East,Jurong Port,90_and_over,0,2020
Jurong East,Jurong River,0_to_4,0,2020
Jurong East,Jurong River,10_to_14,0,2020
Jurong East,Jurong River,15_to_19,0,2020
Jurong East,Jurong River,20_to_24,0,2020
Jurong East,Jurong River,25_to_29,0,2020
Jurong East,Jurong River,30_to_34,0,2020
Jurong East,Jurong River,35_to_39,0,2020
Jurong East,Jurong River,40_to_44,0,2020
Jurong East,Jurong River,45_to_49,0,2020
Jurong East,Jurong River,50_to_54,0,2020
Jurong East,Jurong River,55_to_59,0,2020
Jurong East,Jurong River,5_to_9,0,2020
Jurong East,Jurong River,60_to_64,0,2020
Jurong East,Jurong River,65_to_69,0,2020
Jurong East,Jurong River,70_to_74,0,2020
Jurong East,Jurong River,75_to_79,0,2020
Jurong East,Jurong River,80_to_84,0,2020
Jurong East,Jurong River,85_to_89,0,2020
Jurong East,Jurong River,90_and_over,0,2020
Jurong East,Lakeside (Business),0_to_4,0,2020
Jurong East,Lakeside (Business),10_to_14,0,2020
Jurong East,Lakeside (Business),15_to_19,0,2020
Jurong East,Lakeside (Business),20_to_24,0,2020
Jurong East,Lakeside (Business),25_to_29,0,2020
Jurong East,Lakeside (Business),30_to_34,0,2020
Jurong East,Lakeside (Business),35_to_39,0,2020
Jurong East,Lakeside (Business),40_to_44,0,2020
Jurong East,Lakeside (Business),45_to_49,0,2020
Jurong East,Lakeside (Business),50_to_54,0,2020
Jurong East,Lakeside (Business),55_to_59,0,2020
Jurong East,Lakeside (Business),5_to_9,0,2020
Jurong East,Lakeside (Business),60_to_64,0,2020
Jurong East,Lakeside (Business),65_to_69,0,2020
Jurong East,Lakeside (Business),70_to_74,0,2020
Jurong East,Lakeside (Business),75_to_79,0,2020
Jurong East,Lakeside (Business),80_to_84,0,2020
Jurong East,Lakeside (Business),85_to_89,0,2020
Jurong East,Lakeside (Business),90_and_over,0,2020
Jurong East,Lakeside (Leisure),0_to_4,20,2020
Jurong East,Lakeside (Leisure),10_to_14,20,2020
Jurong East,Lakeside (Leisure),15_to_19,30,2020
Jurong East,Lakeside (Leisure),20_to_24,30,2020
Jurong East,Lakeside (Leisure),25_to_29,50,2020
Jurong East,Lakeside (Leisure),30_to_34,50,2020
Jurong East,Lakeside (Leisure),35_to_39,60,2020
Jurong East,Lakeside (Leisure),40_to_44,60,2020
Jurong East,Lakeside (Leisure),45_to_49,70,2020
Jurong East,Lakeside (Leisure),50_to_54,80,2020
Jurong East,Lakeside (Leisure),55_to_59,70,2020
Jurong East,Lakeside (Leisure),5_to_9,20,2020
Jurong East,Lakeside (Leisure),60_to_64,110,2020
Jurong East,Lakeside (Leisure),65_to_69,120,2020
Jurong East,Lakeside (Leisure),70_to_74,100,2020
Jurong East,Lakeside (Leisure),75_to_79,80,2020
Jurong East,Lakeside (Leisure),80_to_84,60,2020
Jurong East,Lakeside (Leisure),85_to_89,30,2020
Jurong East,Lakeside (Leisure),90_and_over,10,2020
Jurong East,Penjuru Crescent,0_to_4,0,2020
Jurong East,Penjuru Crescent,10_to_14,0,2020
Jurong East,Penjuru Crescent,15_to_19,0,2020
Jurong East,Penjuru Crescent,20_to_24,0,2020
Jurong East,Penjuru Crescent,25_to_29,0,2020
Jurong East,Penjuru Crescent,30_to_34,0,2020
Jurong East,Penjuru Crescent,35_to_39,0,2020
Jurong East,Penjuru Crescent,40_to_44,0,2020
Jurong East,Penjuru Crescent,45_to_49,0,2020
Jurong East,Penjuru Crescent,50_to_54,0,2020
Jurong East,Penjuru Crescent,55_to_59,0,2020
Jurong East,Penjuru Crescent,5_to_9,0,2020
Jurong East,Penjuru Crescent,60_to_64,0,2020
Jurong East,Penjuru Crescent,65_to_69,0,2020
Jurong East,Penjuru Crescent,70_to_74,0,2020
Jurong East,Penjuru Crescent,75_to_79,0,2020
Jurong East,Penjuru Crescent,80_to_84,0,2020
Jurong East,Penjuru Crescent,85_to_89,0,2020
Jurong East,Penjuru Crescent,90_and_over,0,2020
Jurong East,Teban Gardens,0_to_4,750,2020
Jurong East,Teban Gardens,10_to_14,870,2020
Jurong East,Teban Gardens,15_to_19,920,2020
Jurong East,Teban Gardens,20_to_24,1050,2020
Jurong East,Teban Gardens,25_to_29,1150,2020
Jurong East,Teban Gardens,30_to_34,1240,2020
Jurong East,Teban Gardens,35_to_39,1350,2020
Jurong East,Teban Gardens,40_to_44,1350,2020
Jurong East,Teban Gardens,45_to_49,1330,2020
Jurong East,Teban Gardens,50_to_54,1270,2020
Jurong East,Teban Gardens,55_to_59,1360,2020
Jurong East,Teban Gardens,5_to_9,830,2020
Jurong East,Teban Gardens,60_to_64,1350,2020
Jurong East,Teban Gardens,65_to_69,1410,2020
Jurong East,Teban Gardens,70_to_74,1160,2020
Jurong East,Teban Gardens,75_to_79,530,2020
Jurong East,Teban Gardens,80_to_84,320,2020
Jurong East,Teban Gardens,85_to_89,150,2020
Jurong East,Teban Gardens,90_and_over,70,2020
Jurong East,Toh Guan,0_to_4,410,2020
Jurong East,Toh Guan,10_to_14,680,2020
Jurong East,Toh Guan,15_to_19,860,2020
Jurong East,Toh Guan,20_to_24,1000,2020
Jurong East,Toh Guan,25_to_29,1270,2020
Jurong East,Toh Guan,30_to_34,1080,2020
Jurong East,Toh Guan,35_to_39,920,2020
Jurong East,Toh Guan,40_to_44,890,2020
Jurong East,Toh Guan,45_to_49,1120,2020
Jurong East,Toh Guan,50_to_54,1070,2020
Jurong East,Toh Guan,55_to_59,1280,2020
Jurong East,Toh Guan,5_to_9,500,2020
Jurong East,Toh Guan,60_to_64,1390,2020
Jurong East,Toh Guan,65_to_69,1020,2020
Jurong East,Toh Guan,70_to_74,570,2020
Jurong East,Toh Guan,75_to_79,240,2020
Jurong East,Toh Guan,80_to_84,170,2020
Jurong East,Toh Guan,85_to_89,120,2020
Jurong East,Toh Guan,90_and_over,50,2020
Jurong East,Yuhua East,0_to_4,690,2020
Jurong East,Yuhua East,10_to_14,1050,2020
Jurong East,Yuhua East,15_to_19,1240,2020
Jurong East,Yuhua East,20_to_24,1430,2020
Jurong East,Yuhua East,25_to_29,1800,2020
Jurong East,Yuhua East,30_to_34,1660,2020
Jurong East,Yuhua East,35_to_39,1630,2020
Jurong East,Yuhua East,40_to_44,1700,2020
Jurong East,Yuhua East,45_to_49,1810,2020
Jurong East,Yuhua East,50_to_54,1770,2020
Jurong East,Yuhua East,55_to_59,1890,2020
Jurong East,Yuhua East,5_to_9,830,2020
Jurong East,Yuhua East,60_to_64,2190,2020
Jurong East,Yuhua East,65_to_69,1970,2020
Jurong East,Yuhua East,70_to_74,1560,2020
Jurong East,Yuhua East,75_to_79,730,2020
Jurong East,Yuhua East,80_to_84,510,2020
Jurong East,Yuhua East,85_to_89,290,2020
Jurong East,Yuhua East,90_and_over,150,2020
Jurong East,Yuhua West,0_to_4,590,2020
Jurong East,Yuhua West,10_to_14,900,2020
Jurong East,Yuhua West,15_to_19,1080,2020
Jurong East,Yuhua West,20_to_24,1260,2020
Jurong East,Yuhua West,25_to_29,1420,2020
Jurong East,Yuhua West,30_to_34,1320,2020
Jurong East,Yuhua West,35_to_39,1080,2020
Jurong East,Yuhua West,40_to_44,1220,2020
Jurong East,Yuhua West,45_to_49,1470,2020
Jurong East,Yuhua West,50_to_54,1440,2020
Jurong East,Yuhua West,55_to_59,1610,2020
Jurong East,Yuhua West,5_to_9,680,2020
Jurong East,Yuhua West,60_to_64,1660,2020
Jurong East,Yuhua West,65_to_69,1460,2020
Jurong East,Yuhua West,70_to_74,1020,2020
Jurong East,Yuhua West,75_to_79,490,2020
Jurong East,Yuhua West,80_to_84,340,2020
Jurong East,Yuhua West,85_to_89,180,2020
Jurong East,Yuhua West,90_and_over,110,2020
Jurong West,Boon Lay Place,0_to_4,1530,2020
Jurong West,Boon Lay Place,10_to_14,1610,2020
Jurong West,Boon Lay Place,15_to_19,1680,2020
Jurong West,Boon Lay Place,20_to_24,1860,2020
Jurong West,Boon Lay Place,25_to_29,1980,2020
Jurong West,Boon Lay Place,30_to_34,2270,2020
Jurong West,Boon Lay Place,35_to_39,2470,2020
Jurong West,Boon Lay Place,40_to_44,2150,2020
Jurong West,Boon Lay Place,45_to_49,2250,2020
Jurong West,Boon Lay Place,50_to_54,2240,2020
Jurong West,Boon Lay Place,55_to_59,2120,2020
Jurong West,Boon Lay Place,5_to_9,1630,2020
Jurong West,Boon Lay Place,60_to_64,1790,2020
Jurong West,Boon Lay Place,65_to_69,1500,2020
Jurong West,Boon Lay Place,70_to_74,1080,2020
Jurong West,Boon Lay Place,75_to_79,590,2020
Jurong West,Boon Lay Place,80_to_84,400,2020
Jurong West,Boon Lay Place,85_to_89,170,2020
Jurong West,Boon Lay Place,90_and_over,90,2020
Jurong West,Chin Bee,0_to_4,0,2020
Jurong West,Chin Bee,10_to_14,0,2020
Jurong West,Chin Bee,15_to_19,0,2020
Jurong West,Chin Bee,20_to_24,0,2020
Jurong West,Chin Bee,25_to_29,0,2020
Jurong West,Chin Bee,30_to_34,0,2020
Jurong West,Chin Bee,35_to_39,0,2020
Jurong West,Chin Bee,40_to_44,0,2020
Jurong West,Chin Bee,45_to_49,0,2020
Jurong West,Chin Bee,50_to_54,0,2020
Jurong West,Chin Bee,55_to_59,0,2020
Jurong West,Chin Bee,5_to_9,0,2020
Jurong West,Chin Bee,60_to_64,0,2020
Jurong West,Chin Bee,65_to_69,0,2020
Jurong West,Chin Bee,70_to_74,0,2020
Jurong West,Chin Bee,75_to_79,0,2020
Jurong West,Chin Bee,80_to_84,0,2020
Jurong West,Chin Bee,85_to_89,0,2020
Jurong West,Chin Bee,90_and_over,0,2020
Jurong West,Hong Kah,0_to_4,1870,2020
Jurong West,Hong Kah,10_to_14,2570,2020
Jurong West,Hong Kah,15_to_19,3050,2020
Jurong West,Hong Kah,20_to_24,3330,2020
Jurong West,Hong Kah,25_to_29,3740,2020
Jurong West,Hong Kah,30_to_34,3730,2020
Jurong West,Hong Kah,35_to_39,3710,2020
Jurong West,Hong Kah,40_to_44,3840,2020
Jurong West,Hong Kah,45_to_49,4180,2020
Jurong West,Hong Kah,50_to_54,3960,2020
Jurong West,Hong Kah,55_to_59,4010,2020
Jurong West,Hong Kah,5_to_9,2170,2020
Jurong West,Hong Kah,60_to_64,4320,2020
Jurong West,Hong Kah,65_to_69,3930,2020
Jurong West,Hong Kah,70_to_74,2790,2020
Jurong West,Hong Kah,75_to_79,1320,2020
Jurong West,Hong Kah,80_to_84,800,2020
Jurong West,Hong Kah,85_to_89,400,2020
Jurong West,Hong Kah,90_and_over,180,2020
Jurong West,Jurong West Central,0_to_4,2530,2020
Jurong West,Jurong West Central,10_to_14,4200,2020
Jurong West,Jurong West Central,15_to_19,4040,2020
Jurong West,Jurong West Central,20_to_24,3750,2020
Jurong West,Jurong West Central,25_to_29,4160,2020
Jurong West,Jurong West Central,30_to_34,4690,2020
Jurong West,Jurong West Central,35_to_39,5500,2020
Jurong West,Jurong West Central,40_to_44,6120,2020
Jurong West,Jurong West Central,45_to_49,5770,2020
Jurong West,Jurong West Central,50_to_54,4590,2020
Jurong West,Jurong West Central,55_to_59,4180,2020
Jurong West,Jurong West Central,5_to_9,3570,2020
Jurong West,Jurong West Central,60_to_64,4050,2020
Jurong West,Jurong West Central,65_to_69,3170,2020
Jurong West,Jurong West Central,70_to_74,1870,2020
Jurong West,Jurong West Central,75_to_79,780,2020
Jurong West,Jurong West Central,80_to_84,510,2020
Jurong West,Jurong West Central,85_to_89,230,2020
Jurong West,Jurong West Central,90_and_over,110,2020
Jurong West,Kian Teck,0_to_4,0,2020
Jurong West,Kian Teck,10_to_14,0,2020
Jurong West,Kian Teck,15_to_19,0,2020
Jurong West,Kian Teck,20_to_24,0,2020
Jurong West,Kian Teck,25_to_29,0,2020
Jurong West,Kian Teck,30_to_34,0,2020
Jurong West,Kian Teck,35_to_39,0,2020
Jurong West,Kian Teck,40_to_44,0,2020
Jurong West,Kian Teck,45_to_49,0,2020
Jurong West,Kian Teck,50_to_54,0,2020
Jurong West,Kian Teck,55_to_59,0,2020
Jurong West,Kian Teck,5_to_9,0,2020
Jurong West,Kian Teck,60_to_64,0,2020
Jurong West,Kian Teck,65_to_69,0,2020
Jurong West,Kian Teck,70_to_74,0,2020
Jurong West,Kian Teck,75_to_79,0,2020
Jurong West,Kian Teck,80_to_84,0,2020
Jurong West,Kian Teck,85_to_89,0,2020
Jurong West,Kian Teck,90_and_over,0,2020
Jurong West,Safti,0_to_4,0,2020
Jurong West,Safti,10_to_14,0,2020
Jurong West,Safti,15_to_19,0,2020
Jurong West,Safti,20_to_24,0,2020
Jurong West,Safti,25_to_29,0,2020
Jurong West,Safti,30_to_34,0,2020
Jurong West,Safti,35_to_39,0,2020
Jurong West,Safti,40_to_44,0,2020
Jurong West,Safti,45_to_49,0,2020
Jurong West,Safti,50_to_54,0,2020
Jurong West,Safti,55_to_59,0,2020
Jurong West,Safti,5_to_9,0,2020
Jurong West,Safti,60_to_64,0,2020
Jurong West,Safti,65_to_69,0,2020
Jurong West,Safti,70_to_74,0,2020
Jurong West,Safti,75_to_79,0,2020
Jurong West,Safti,80_to_84,0,2020
Jurong West,Safti,85_to_89,0,2020
Jurong West,Safti,90_and_over,0,2020
Jurong West,Taman Jurong,0_to_4,2030,2020
Jurong West,Taman Jurong,10_to_14,2260,2020
Jurong West,Taman Jurong,15_to_19,2440,2020
Jurong West,Taman Jurong,20_to_24,2660,2020
Jurong West,Taman Jurong,25_to_29,2870,2020
Jurong West,Taman Jurong,30_to_34,2920,2020
Jurong West,Taman Jurong,35_to_39,3130,2020
Jurong West,Taman Jurong,40_to_44,3070,2020
Jurong West,Taman Jurong,45_to_49,3170,2020
Jurong West,Taman Jurong,50_to_54,3220,2020
Jurong West,Taman Jurong,55_to_59,2830,2020
Jurong West,Taman Jurong,5_to_9,2170,2020
Jurong West,Taman Jurong,60_to_64,2490,2020
Jurong West,Taman Jurong,65_to_69,1980,2020
Jurong West,Taman Jurong,70_to_74,1320,2020
Jurong West,Taman Jurong,75_to_79,660,2020
Jurong West,Taman Jurong,80_to_84,400,2020
Jurong West,Taman Jurong,85_to_89,250,2020
Jurong West,Taman Jurong,90_and_over,100,2020
Jurong West,Wenya,0_to_4,440,2020
Jurong West,Wenya,10_to_14,670,2020
Jurong West,Wenya,15_to_19,550,2020
Jurong West,Wenya,20_to_24,390,2020
Jurong West,Wenya,25_to_29,450,2020
Jurong West,Wenya,30_to_34,500,2020
Jurong West,Wenya,35_to_39,820,2020
Jurong West,Wenya,40_to_44,890,2020
Jurong West,Wenya,45_to_49,740,2020
Jurong West,Wenya,50_to_54,540,2020
Jurong West,Wenya,55_to_59,420,2020
Jurong West,Wenya,5_to_9,600,2020
Jurong West,Wenya,60_to_64,390,2020
Jurong West,Wenya,65_to_69,330,2020
Jurong West,Wenya,70_to_74,220,2020
Jurong West,Wenya,75_to_79,120,2020
Jurong West,Wenya,80_to_84,80,2020
Jurong West,Wenya,85_to_89,60,2020
Jurong West,Wenya,90_and_over,40,2020
Jurong West,Yunnan,0_to_4,2200,2020
Jurong West,Yunnan,10_to_14,3700,2020
Jurong West,Yunnan,15_to_19,4390,2020
Jurong West,Yunnan,20_to_24,5450,2020
Jurong West,Yunnan,25_to_29,6130,2020
Jurong West,Yunnan,30_to_34,4260,2020
Jurong West,Yunnan,35_to_39,4300,2020
Jurong West,Yunnan,40_to_44,4830,2020
Jurong West,Yunnan,45_to_49,5150,2020
Jurong West,Yunnan,50_to_54,5550,2020
Jurong West,Yunnan,55_to_59,5800,2020
Jurong West,Yunnan,5_to_9,2840,2020
Jurong West,Yunnan,60_to_64,4800,2020
Jurong West,Yunnan,65_to_69,3700,2020
Jurong West,Yunnan,70_to_74,2330,2020
Jurong West,Yunnan,75_to_79,1110,2020
Jurong West,Yunnan,80_to_84,680,2020
Jurong West,Yunnan,85_to_89,300,2020
Jurong West,Yunnan,90_and_over,180,2020
Kallang,Bendemeer,0_to_4,1910,2020
Kallang,Bendemeer,10_to_14,1460,2020
Kallang,Bendemeer,15_to_19,1350,2020
Kallang,Bendemeer,20_to_24,1510,2020
Kallang,Bendemeer,25_to_29,2330,2020
Kallang,Bendemeer,30_to_34,3310,2020
Kallang,Bendemeer,35_to_39,3260,2020
Kallang,Bendemeer,40_to_44,3090,2020
Kallang,Bendemeer,45_to_49,2760,2020
Kallang,Bendemeer,50_to_54,2380,2020
Kallang,Bendemeer,55_to_59,2390,2020
Kallang,Bendemeer,5_to_9,1760,2020
Kallang,Bendemeer,60_to_64,2690,2020
Kallang,Bendemeer,65_to_69,2520,2020
Kallang,Bendemeer,70_to_74,2000,2020
Kallang,Bendemeer,75_to_79,1230,2020
Kallang,Bendemeer,80_to_84,970,2020
Kallang,Bendemeer,85_to_89,520,2020
Kallang,Bendemeer,90_and_over,380,2020
Kallang,Boon Keng,0_to_4,400,2020
Kallang,Boon Keng,10_to_14,420,2020
Kallang,Boon Keng,15_to_19,510,2020
Kallang,Boon Keng,20_to_24,530,2020
Kallang,Boon Keng,25_to_29,750,2020
Kallang,Boon Keng,30_to_34,850,2020
Kallang,Boon Keng,35_to_39,790,2020
Kallang,Boon Keng,40_to_44,810,2020
Kallang,Boon Keng,45_to_49,840,2020
Kallang,Boon Keng,50_to_54,870,2020
Kallang,Boon Keng,55_to_59,900,2020
Kallang,Boon Keng,5_to_9,440,2020
Kallang,Boon Keng,60_to_64,970,2020
Kallang,Boon Keng,65_to_69,830,2020
Kallang,Boon Keng,70_to_74,730,2020
Kallang,Boon Keng,75_to_79,410,2020
Kallang,Boon Keng,80_to_84,380,2020
Kallang,Boon Keng,85_to_89,230,2020
Kallang,Boon Keng,90_and_over,110,2020
Kallang,Crawford,0_to_4,210,2020
Kallang,Crawford,10_to_14,240,2020
Kallang,Crawford,15_to_19,250,2020
Kallang,Crawford,20_to_24,340,2020
Kallang,Crawford,25_to_29,420,2020
Kallang,Crawford,30_to_34,410,2020
Kallang,Crawford,35_to_39,390,2020
Kallang,Crawford,40_to_44,470,2020
Kallang,Crawford,45_to_49,570,2020
Kallang,Crawford,50_to_54,630,2020
Kallang,Crawford,55_to_59,810,2020
Kallang,Crawford,5_to_9,200,2020
Kallang,Crawford,60_to_64,850,2020
Kallang,Crawford,65_to_69,780,2020
Kallang,Crawford,70_to_74,750,2020
Kallang,Crawford,75_to_79,430,2020
Kallang,Crawford,80_to_84,360,2020
Kallang,Crawford,85_to_89,190,2020
Kallang,Crawford,90_and_over,120,2020
Kallang,Geylang Bahru,0_to_4,280,2020
Kallang,Geylang Bahru,10_to_14,430,2020
Kallang,Geylang Bahru,15_to_19,540,2020
Kallang,Geylang Bahru,20_to_24,610,2020
Kallang,Geylang Bahru,25_to_29,670,2020
Kallang,Geylang Bahru,30_to_34,640,2020
Kallang,Geylang Bahru,35_to_39,640,2020
Kallang,Geylang Bahru,40_to_44,780,2020
Kallang,Geylang Bahru,45_to_49,940,2020
Kallang,Geylang Bahru,50_to_54,930,2020
Kallang,Geylang Bahru,55_to_59,990,2020
Kallang,Geylang Bahru,5_to_9,340,2020
Kallang,Geylang Bahru,60_to_64,940,2020
Kallang,Geylang Bahru,65_to_69,810,2020
Kallang,Geylang Bahru,70_to_74,650,2020
Kallang,Geylang Bahru,75_to_79,440,2020
Kallang,Geylang Bahru,80_to_84,370,2020
Kallang,Geylang Bahru,85_to_89,190,2020
Kallang,Geylang Bahru,90_and_over,120,2020
Kallang,Kallang Bahru,0_to_4,0,2020
Kallang,Kallang Bahru,10_to_14,0,2020
Kallang,Kallang Bahru,15_to_19,0,2020
Kallang,Kallang Bahru,20_to_24,0,2020
Kallang,Kallang Bahru,25_to_29,0,2020
Kallang,Kallang Bahru,30_to_34,0,2020
Kallang,Kallang Bahru,35_to_39,0,2020
Kallang,Kallang Bahru,40_to_44,0,2020
Kallang,Kallang Bahru,45_to_49,0,2020
Kallang,Kallang Bahru,50_to_54,0,2020
Kallang,Kallang Bahru,55_to_59,0,2020
Kallang,Kallang Bahru,5_to_9,0,2020
Kallang,Kallang Bahru,60_to_64,0,2020
Kallang,Kallang Bahru,65_to_69,0,2020
Kallang,Kallang Bahru,70_to_74,0,2020
Kallang,Kallang Bahru,75_to_79,0,2020
Kallang,Kallang Bahru,80_to_84,0,2020
Kallang,Kallang Bahru,85_to_89,0,2020
Kallang,Kallang Bahru,90_and_over,0,2020
Kallang,Kampong Bugis,0_to_4,30,2020
Kallang,Kampong Bugis,10_to_14,20,2020
Kallang,Kampong Bugis,15_to_19,40,2020
Kallang,Kampong Bugis,20_to_24,50,2020
Kallang,Kampong Bugis,25_to_29,100,2020
Kallang,Kampong Bugis,30_to_34,90,2020
Kallang,Kampong Bugis,35_to_39,50,2020
Kallang,Kampong Bugis,40_to_44,60,2020
Kallang,Kampong Bugis,45_to_49,60,2020
Kallang,Kampong Bugis,50_to_54,50,2020
Kallang,Kampong Bugis,55_to_59,60,2020
Kallang,Kampong Bugis,5_to_9,20,2020
Kallang,Kampong Bugis,60_to_64,90,2020
Kallang,Kampong Bugis,65_to_69,90,2020
Kallang,Kampong Bugis,70_to_74,70,2020
Kallang,Kampong Bugis,75_to_79,20,2020
Kallang,Kampong Bugis,80_to_84,10,2020
Kallang,Kampong Bugis,85_to_89,0,2020
Kallang,Kampong Bugis,90_and_over,0,2020
Kallang,Kampong Java,0_to_4,350,2020
Kallang,Kampong Java,10_to_14,460,2020
Kallang,Kampong Java,15_to_19,440,2020
Kallang,Kampong Java,20_to_24,540,2020
Kallang,Kampong Java,25_to_29,650,2020
Kallang,Kampong Java,30_to_34,660,2020
Kallang,Kampong Java,35_to_39,710,2020
Kallang,Kampong Java,40_to_44,850,2020
Kallang,Kampong Java,45_to_49,930,2020
Kallang,Kampong Java,50_to_54,790,2020
Kallang,Kampong Java,55_to_59,800,2020
Kallang,Kampong Java,5_to_9,460,2020
Kallang,Kampong Java,60_to_64,770,2020
Kallang,Kampong Java,65_to_69,710,2020
Kallang,Kampong Java,70_to_74,630,2020
Kallang,Kampong Java,75_to_79,360,2020
Kallang,Kampong Java,80_to_84,310,2020
Kallang,Kampong Java,85_to_89,130,2020
Kallang,Kampong Java,90_and_over,110,2020
Kallang,Lavender,0_to_4,340,2020
Kallang,Lavender,10_to_14,430,2020
Kallang,Lavender,15_to_19,440,2020
Kallang,Lavender,20_to_24,450,2020
Kallang,Lavender,25_to_29,580,2020
Kallang,Lavender,30_to_34,630,2020
Kallang,Lavender,35_to_39,660,2020
Kallang,Lavender,40_to_44,780,2020
Kallang,Lavender,45_to_49,870,2020
Kallang,Lavender,50_to_54,720,2020
Kallang,Lavender,55_to_59,750,2020
Kallang,Lavender,5_to_9,400,2020
Kallang,Lavender,60_to_64,720,2020
Kallang,Lavender,65_to_69,640,2020
Kallang,Lavender,70_to_74,560,2020
Kallang,Lavender,75_to_79,290,2020
Kallang,Lavender,80_to_84,260,2020
Kallang,Lavender,85_to_89,120,2020
Kallang,Lavender,90_and_over,80,2020
Kallang,Tanjong Rhu,0_to_4,410,2020
Kallang,Tanjong Rhu,10_to_14,640,2020
Kallang,Tanjong Rhu,15_to_19,700,2020
Kallang,Tanjong Rhu,20_to_24,620,2020
Kallang,Tanjong Rhu,25_to_29,500,2020
Kallang,Tanjong Rhu,30_to_34,600,2020
Kallang,Tanjong Rhu,35_to_39,780,2020
Kallang,Tanjong Rhu,40_to_44,1040,2020
Kallang,Tanjong Rhu,45_to_49,1180,2020
Kallang,Tanjong Rhu,50_to_54,990,2020
Kallang,Tanjong Rhu,55_to_59,810,2020
Kallang,Tanjong Rhu,5_to_9,520,2020
Kallang,Tanjong Rhu,60_to_64,700,2020
Kallang,Tanjong Rhu,65_to_69,580,2020
Kallang,Tanjong Rhu,70_to_74,410,2020
Kallang,Tanjong Rhu,75_to_79,270,2020
Kallang,Tanjong Rhu,80_to_84,190,2020
Kallang,Tanjong Rhu,85_to_89,80,2020
Kallang,Tanjong Rhu,90_and_over,50,2020
Lim Chu Kang,Lim Chu Kang,0_to_4,0,2020
Lim Chu Kang,Lim Chu Kang,10_to_14,10,2020
Lim Chu Kang,Lim Chu Kang,15_to_19,10,2020
Lim Chu Kang,Lim Chu Kang,20_to_24,10,2020
Lim Chu Kang,Lim Chu Kang,25_to_29,0,2020
Lim Chu Kang,Lim Chu Kang,30_to_34,0,2020
Lim Chu Kang,Lim Chu Kang,35_to_39,0,2020
Lim Chu Kang,Lim Chu Kang,40_to_44,0,2020
Lim Chu Kang,Lim Chu Kang,45_to_49,10,2020
Lim Chu Kang,Lim Chu Kang,50_to_54,10,2020
Lim Chu Kang,Lim Chu Kang,55_to_59,20,2020
Lim Chu Kang,Lim Chu Kang,5_to_9,0,2020
Lim Chu Kang,Lim Chu Kang,60_to_64,10,2020
Lim Chu Kang,Lim Chu Kang,65_to_69,10,2020
Lim Chu Kang,Lim Chu Kang,70_to_74,10,2020
Lim Chu Kang,Lim Chu Kang,75_to_79,0,2020
Lim Chu Kang,Lim Chu Kang,80_to_84,0,2020
Lim Chu Kang,Lim Chu Kang,85_to_89,0,2020
Lim Chu Kang,Lim Chu Kang,90_and_over,0,2020
Mandai,Mandai East,0_to_4,0,2020
Mandai,Mandai East,10_to_14,0,2020
Mandai,Mandai East,15_to_19,0,2020
Mandai,Mandai East,20_to_24,0,2020
Mandai,Mandai East,25_to_29,0,2020
Mandai,Mandai East,30_to_34,0,2020
Mandai,Mandai East,35_to_39,0,2020
Mandai,Mandai East,40_to_44,0,2020
Mandai,Mandai East,45_to_49,0,2020
Mandai,Mandai East,50_to_54,0,2020
Mandai,Mandai East,55_to_59,0,2020
Mandai,Mandai East,5_to_9,0,2020
Mandai,Mandai East,60_to_64,0,2020
Mandai,Mandai East,65_to_69,0,2020
Mandai,Mandai East,70_to_74,0,2020
Mandai,Mandai East,75_to_79,0,2020
Mandai,Mandai East,80_to_84,0,2020
Mandai,Mandai East,85_to_89,0,2020
Mandai,Mandai East,90_and_over,0,2020
Mandai,Mandai Estate,0_to_4,70,2020
Mandai,Mandai Estate,10_to_14,110,2020
Mandai,Mandai Estate,15_to_19,120,2020
Mandai,Mandai Estate,20_to_24,170,2020
Mandai,Mandai Estate,25_to_29,170,2020
Mandai,Mandai Estate,30_to_34,110,2020
Mandai,Mandai Estate,35_to_39,130,2020
Mandai,Mandai Estate,40_to_44,140,2020
Mandai,Mandai Estate,45_to_49,190,2020
Mandai,Mandai Estate,50_to_54,150,2020
Mandai,Mandai Estate,55_to_59,170,2020
Mandai,Mandai Estate,5_to_9,90,2020
Mandai,Mandai Estate,60_to_64,150,2020
Mandai,Mandai Estate,65_to_69,90,2020
Mandai,Mandai Estate,70_to_74,80,2020
Mandai,Mandai Estate,75_to_79,50,2020
Mandai,Mandai Estate,80_to_84,40,2020
Mandai,Mandai Estate,85_to_89,20,2020
Mandai,Mandai Estate,90_and_over,10,2020
Mandai,Mandai West,0_to_4,0,2020
Mandai,Mandai West,10_to_14,0,2020
Mandai,Mandai West,15_to_19,0,2020
Mandai,Mandai West,20_to_24,0,2020
Mandai,Mandai West,25_to_29,0,2020
Mandai,Mandai West,30_to_34,0,2020
Mandai,Mandai West,35_to_39,0,2020
Mandai,Mandai West,40_to_44,0,2020
Mandai,Mandai West,45_to_49,0,2020
Mandai,Mandai West,50_to_54,0,2020
Mandai,Mandai West,55_to_59,0,2020
Mandai,Mandai West,5_to_9,0,2020
Mandai,Mandai West,60_to_64,0,2020
Mandai,Mandai West,65_to_69,0,2020
Mandai,Mandai West,70_to_74,0,2020
Mandai,Mandai West,75_to_79,0,2020
Mandai,Mandai West,80_to_84,0,2020
Mandai,Mandai West,85_to_89,0,2020
Mandai,Mandai West,90_and_over,0,2020
Marina East,Marina East,0_to_4,0,2020
Marina East,Marina East,10_to_14,0,2020
Marina East,Marina East,15_to_19,0,2020
Marina East,Marina East,20_to_24,0,2020
Marina East,Marina East,25_to_29,0,2020
Marina East,Marina East,30_to_34,0,2020
Marina East,Marina East,35_to_39,0,2020
Marina East,Marina East,40_to_44,0,2020
Marina East,Marina East,45_to_49,0,2020
Marina East,Marina East,50_to_54,0,2020
Marina East,Marina East,55_to_59,0,2020
Marina East,Marina East,5_to_9,0,2020
Marina East,Marina East,60_to_64,0,2020
Marina East,Marina East,65_to_69,0,2020
Marina East,Marina East,70_to_74,0,2020
Marina East,Marina East,75_to_79,0,2020
Marina East,Marina East,80_to_84,0,2020
Marina East,Marina East,85_to_89,0,2020
Marina East,Marina East,90_and_over,0,2020
Marina South,Marina South,0_to_4,0,2020
Marina South,Marina South,10_to_14,0,2020
Marina South,Marina South,15_to_19,0,2020
Marina South,Marina South,20_to_24,0,2020
Marina South,Marina South,25_to_29,0,2020
Marina South,Marina South,30_to_34,0,2020
Marina South,Marina South,35_to_39,0,2020
Marina South,Marina South,40_to_44,0,2020
Marina South,Marina South,45_to_49,0,2020
Marina South,Marina South,50_to_54,0,2020
Marina South,Marina South,55_to_59,0,2020
Marina South,Marina South,5_to_9,0,2020
Marina South,Marina South,60_to_64,0,2020
Marina South,Marina South,65_to_69,0,2020
Marina South,Marina South,70_to_74,0,2020
Marina South,Marina South,75_to_79,0,2020
Marina South,Marina South,80_to_84,0,2020
Marina South,Marina South,85_to_89,0,2020
Marina South,Marina South,90_and_over,0,2020
Marine Parade,East Coast,0_to_4,0,2020
Marine Parade,East Coast,10_to_14,0,2020
Marine Parade,East Coast,15_to_19,0,2020
Marine Parade,East Coast,20_to_24,0,2020
Marine Parade,East Coast,25_to_29,0,2020
Marine Parade,East Coast,30_to_34,0,2020
Marine Parade,East Coast,35_to_39,0,2020
Marine Parade,East Coast,40_to_44,0,2020
Marine Parade,East Coast,45_to_49,0,2020
Marine Parade,East Coast,50_to_54,0,2020
Marine Parade,East Coast,55_to_59,0,2020
Marine Parade,East Coast,5_to_9,0,2020
Marine Parade,East Coast,60_to_64,0,2020
Marine Parade,East Coast,65_to_69,0,2020
Marine Parade,East Coast,70_to_74,0,2020
Marine Parade,East Coast,75_to_79,0,2020
Marine Parade,East Coast,80_to_84,0,2020
Marine Parade,East Coast,85_to_89,0,2020
Marine Parade,East Coast,90_and_over,0,2020
Marine Parade,Katong,0_to_4,380,2020
Marine Parade,Katong,10_to_14,500,2020
Marine Parade,Katong,15_to_19,500,2020
Marine Parade,Katong,20_to_24,500,2020
Marine Parade,Katong,25_to_29,570,2020
Marine Parade,Katong,30_to_34,490,2020
Marine Parade,Katong,35_to_39,680,2020
Marine Parade,Katong,40_to_44,840,2020
Marine Parade,Katong,45_to_49,890,2020
Marine Parade,Katong,50_to_54,710,2020
Marine Parade,Katong,55_to_59,660,2020
Marine Parade,Katong,5_to_9,500,2020
Marine Parade,Katong,60_to_64,600,2020
Marine Parade,Katong,65_to_69,500,2020
Marine Parade,Katong,70_to_74,410,2020
Marine Parade,Katong,75_to_79,240,2020
Marine Parade,Katong,80_to_84,210,2020
Marine Parade,Katong,85_to_89,120,2020
Marine Parade,Katong,90_and_over,90,2020
Marine Parade,Marina East (Mp),0_to_4,0,2020
Marine Parade,Marina East (Mp),10_to_14,0,2020
Marine Parade,Marina East (Mp),15_to_19,0,2020
Marine Parade,Marina East (Mp),20_to_24,0,2020
Marine Parade,Marina East (Mp),25_to_29,0,2020
Marine Parade,Marina East (Mp),30_to_34,0,2020
Marine Parade,Marina East (Mp),35_to_39,0,2020
Marine Parade,Marina East (Mp),40_to_44,0,2020
Marine Parade,Marina East (Mp),45_to_49,0,2020
Marine Parade,Marina East (Mp),50_to_54,0,2020
Marine Parade,Marina East (Mp),55_to_59,0,2020
Marine Parade,Marina East (Mp),5_to_9,0,2020
Marine Parade,Marina East (Mp),60_to_64,0,2020
Marine Parade,Marina East (Mp),65_to_69,0,2020
Marine Parade,Marina East (Mp),70_to_74,0,2020
Marine Parade,Marina East (Mp),75_to_79,0,2020
Marine Parade,Marina East (Mp),80_to_84,0,2020
Marine Parade,Marina East (Mp),85_to_89,0,2020
Marine Parade,Marina East (Mp),90_and_over,0,2020
Marine Parade,Marine Parade,0_to_4,1060,2020
Marine Parade,Marine Parade,10_to_14,1380,2020
Marine Parade,Marine Parade,15_to_19,1300,2020
Marine Parade,Marine Parade,20_to_24,1320,2020
Marine Parade,Marine Parade,25_to_29,1350,2020
Marine Parade,Marine Parade,30_to_34,1330,2020
Marine Parade,Marine Parade,35_to_39,1720,2020
Marine Parade,Marine Parade,40_to_44,2090,2020
Marine Parade,Marine Parade,45_to_49,2360,2020
Marine Parade,Marine Parade,50_to_54,2010,2020
Marine Parade,Marine Parade,55_to_59,1870,2020
Marine Parade,Marine Parade,5_to_9,1440,2020
Marine Parade,Marine Parade,60_to_64,1760,2020
Marine Parade,Marine Parade,65_to_69,1510,2020
Marine Parade,Marine Parade,70_to_74,1550,2020
Marine Parade,Marine Parade,75_to_79,1060,2020
Marine Parade,Marine Parade,80_to_84,960,2020
Marine Parade,Marine Parade,85_to_89,510,2020
Marine Parade,Marine Parade,90_and_over,300,2020
Marine Parade,Mountbatten,0_to_4,450,2020
Marine Parade,Mountbatten,10_to_14,540,2020
Marine Parade,Mountbatten,15_to_19,570,2020
Marine Parade,Mountbatten,20_to_24,570,2020
Marine Parade,Mountbatten,25_to_29,620,2020
Marine Parade,Mountbatten,30_to_34,570,2020
Marine Parade,Mountbatten,35_to_39,670,2020
Marine Parade,Mountbatten,40_to_44,800,2020
Marine Parade,Mountbatten,45_to_49,900,2020
Marine Parade,Mountbatten,50_to_54,730,2020
Marine Parade,Mountbatten,55_to_59,730,2020
Marine Parade,Mountbatten,5_to_9,500,2020
Marine Parade,Mountbatten,60_to_64,640,2020
Marine Parade,Mountbatten,65_to_69,540,2020
Marine Parade,Mountbatten,70_to_74,520,2020
Marine Parade,Mountbatten,75_to_79,240,2020
Marine Parade,Mountbatten,80_to_84,160,2020
Marine Parade,Mountbatten,85_to_89,120,2020
Marine Parade,Mountbatten,90_and_over,90,2020
Museum,Bras Basah,0_to_4,0,2020
Museum,Bras Basah,10_to_14,0,2020
Museum,Bras Basah,15_to_19,0,2020
Museum,Bras Basah,20_to_24,0,2020
Museum,Bras Basah,25_to_29,0,2020
Museum,Bras Basah,30_to_34,0,2020
Museum,Bras Basah,35_to_39,0,2020
Museum,Bras Basah,40_to_44,0,2020
Museum,Bras Basah,45_to_49,0,2020
Museum,Bras Basah,50_to_54,0,2020
Museum,Bras Basah,55_to_59,0,2020
Museum,Bras Basah,5_to_9,0,2020
Museum,Bras Basah,60_to_64,0,2020
Museum,Bras Basah,65_to_69,0,2020
Museum,Bras Basah,70_to_74,0,2020
Museum,Bras Basah,75_to_79,0,2020
Museum,Bras Basah,80_to_84,0,2020
Museum,Bras Basah,85_to_89,0,2020
Museum,Bras Basah,90_and_over,0,2020
Museum,Dhoby Ghaut,0_to_4,10,2020
Museum,Dhoby Ghaut,10_to_14,0,2020
Museum,Dhoby Ghaut,15_to_19,10,2020
Museum,Dhoby Ghaut,20_to_24,10,2020
Museum,Dhoby Ghaut,25_to_29,20,2020
Museum,Dhoby Ghaut,30_to_34,40,2020
Museum,Dhoby Ghaut,35_to_39,60,2020
Museum,Dhoby Ghaut,40_to_44,50,2020
Museum,Dhoby Ghaut,45_to_49,30,2020
Museum,Dhoby Ghaut,50_to_54,20,2020
Museum,Dhoby Ghaut,55_to_59,20,2020
Museum,Dhoby Ghaut,5_to_9,20,2020
Museum,Dhoby Ghaut,60_to_64,10,2020
Museum,Dhoby Ghaut,65_to_69,10,2020
Museum,Dhoby Ghaut,70_to_74,10,2020
Museum,Dhoby Ghaut,75_to_79,0,2020
Museum,Dhoby Ghaut,80_to_84,0,2020
Museum,Dhoby Ghaut,85_to_89,0,2020
Museum,Dhoby Ghaut,90_and_over,0,2020
Museum,Fort Canning,0_to_4,10,2020
Museum,Fort Canning,10_to_14,10,2020
Museum,Fort Canning,15_to_19,0,2020
Museum,Fort Canning,20_to_24,0,2020
Museum,Fort Canning,25_to_29,10,2020
Museum,Fort Canning,30_to_34,0,2020
Museum,Fort Canning,35_to_39,20,2020
Museum,Fort Canning,40_to_44,20,2020
Museum,Fort Canning,45_to_49,30,2020
Museum,Fort Canning,50_to_54,20,2020
Museum,Fort Canning,55_to_59,20,2020
Museum,Fort Canning,5_to_9,10,2020
Museum,Fort Canning,60_to_64,20,2020
Museum,Fort Canning,65_to_69,0,2020
Museum,Fort Canning,70_to_74,10,2020
Museum,Fort Canning,75_to_79,0,2020
Museum,Fort Canning,80_to_84,0,2020
Museum,Fort Canning,85_to_89,0,2020
Museum,Fort Canning,90_and_over,0,2020
Newton,Cairnhill,0_to_4,180,2020
Newton,Cairnhill,10_to_14,250,2020
Newton,Cairnhill,15_to_19,170,2020
Newton,Cairnhill,20_to_24,180,2020
Newton,Cairnhill,25_to_29,200,2020
Newton,Cairnhill,30_to_34,250,2020
Newton,Cairnhill,35_to_39,330,2020
Newton,Cairnhill,40_to_44,350,2020
Newton,Cairnhill,45_to_49,390,2020
Newton,Cairnhill,50_to_54,320,2020
Newton,Cairnhill,55_to_59,290,2020
Newton,Cairnhill,5_to_9,260,2020
Newton,Cairnhill,60_to_64,220,2020
Newton,Cairnhill,65_to_69,180,2020
Newton,Cairnhill,70_to_74,160,2020
Newton,Cairnhill,75_to_79,80,2020
Newton,Cairnhill,80_to_84,60,2020
Newton,Cairnhill,85_to_89,50,2020
Newton,Cairnhill,90_and_over,30,2020
Newton,Goodwood Park,0_to_4,60,2020
Newton,Goodwood Park,10_to_14,90,2020
Newton,Goodwood Park,15_to_19,60,2020
Newton,Goodwood Park,20_to_24,40,2020
Newton,Goodwood Park,25_to_29,70,2020
Newton,Goodwood Park,30_to_34,70,2020
Newton,Goodwood Park,35_to_39,100,2020
Newton,Goodwood Park,40_to_44,130,2020
Newton,Goodwood Park,45_to_49,140,2020
Newton,Goodwood Park,50_to_54,70,2020
Newton,Goodwood Park,55_to_59,90,2020
Newton,Goodwood Park,5_to_9,140,2020
Newton,Goodwood Park,60_to_64,70,2020
Newton,Goodwood Park,65_to_69,50,2020
Newton,Goodwood Park,70_to_74,40,2020
Newton,Goodwood Park,75_to_79,20,2020
Newton,Goodwood Park,80_to_84,20,2020
Newton,Goodwood Park,85_to_89,0,2020
Newton,Goodwood Park,90_and_over,10,2020
Newton,Istana Negara,0_to_4,0,2020
Newton,Istana Negara,10_to_14,0,2020
Newton,Istana Negara,15_to_19,0,2020
Newton,Istana Negara,20_to_24,0,2020
Newton,Istana Negara,25_to_29,0,2020
Newton,Istana Negara,30_to_34,0,2020
Newton,Istana Negara,35_to_39,0,2020
Newton,Istana Negara,40_to_44,0,2020
Newton,Istana Negara,45_to_49,0,2020
Newton,Istana Negara,50_to_54,0,2020
Newton,Istana Negara,55_to_59,0,2020
Newton,Istana Negara,5_to_9,0,2020
Newton,Istana Negara,60_to_64,0,2020
Newton,Istana Negara,65_to_69,0,2020
Newton,Istana Negara,70_to_74,0,2020
Newton,Istana Negara,75_to_79,0,2020
Newton,Istana Negara,80_to_84,0,2020
Newton,Istana Negara,85_to_89,0,2020
Newton,Istana Negara,90_and_over,0,2020
Newton,Monk's Hill,0_to_4,50,2020
Newton,Monk's Hill,10_to_14,60,2020
Newton,Monk's Hill,15_to_19,50,2020
Newton,Monk's Hill,20_to_24,50,2020
Newton,Monk's Hill,25_to_29,50,2020
Newton,Monk's Hill,30_to_34,50,2020
Newton,Monk's Hill,35_to_39,80,2020
Newton,Monk's Hill,40_to_44,100,2020
Newton,Monk's Hill,45_to_49,110,2020
Newton,Monk's Hill,50_to_54,80,2020
Newton,Monk's Hill,55_to_59,70,2020
Newton,Monk's Hill,5_to_9,70,2020
Newton,Monk's Hill,60_to_64,40,2020
Newton,Monk's Hill,65_to_69,40,2020
Newton,Monk's Hill,70_to_74,40,2020
Newton,Monk's Hill,75_to_79,20,2020
Newton,Monk's Hill,80_to_84,20,2020
Newton,Monk's Hill,85_to_89,10,2020
Newton,Monk's Hill,90_and_over,20,2020
Newton,Newton Circus,0_to_4,10,2020
Newton,Newton Circus,10_to_14,20,2020
Newton,Newton Circus,15_to_19,10,2020
Newton,Newton Circus,20_to_24,10,2020
Newton,Newton Circus,25_to_29,10,2020
Newton,Newton Circus,30_to_34,20,2020
Newton,Newton Circus,35_to_39,20,2020
Newton,Newton Circus,40_to_44,20,2020
Newton,Newton Circus,45_to_49,20,2020
Newton,Newton Circus,50_to_54,30,2020
Newton,Newton Circus,55_to_59,20,2020
Newton,Newton Circus,5_to_9,30,2020
Newton,Newton Circus,60_to_64,0,2020
Newton,Newton Circus,65_to_69,0,2020
Newton,Newton Circus,70_to_74,10,2020
Newton,Newton Circus,75_to_79,0,2020
Newton,Newton Circus,80_to_84,0,2020
Newton,Newton Circus,85_to_89,0,2020
Newton,Newton Circus,90_and_over,0,2020
Newton,Orange Grove,0_to_4,60,2020
Newton,Orange Grove,10_to_14,110,2020
Newton,Orange Grove,15_to_19,90,2020
Newton,Orange Grove,20_to_24,70,2020
Newton,Orange Grove,25_to_29,80,2020
Newton,Orange Grove,30_to_34,80,2020
Newton,Orange Grove,35_to_39,100,2020
Newton,Orange Grove,40_to_44,150,2020
Newton,Orange Grove,45_to_49,180,2020
Newton,Orange Grove,50_to_54,170,2020
Newton,Orange Grove,55_to_59,150,2020
Newton,Orange Grove,5_to_9,90,2020
Newton,Orange Grove,60_to_64,130,2020
Newton,Orange Grove,65_to_69,110,2020
Newton,Orange Grove,70_to_74,110,2020
Newton,Orange Grove,75_to_79,50,2020
Newton,Orange Grove,80_to_84,40,2020
Newton,Orange Grove,85_to_89,20,2020
Newton,Orange Grove,90_and_over,0,2020
North-Eastern Islands,North-Eastern Islands,0_to_4,0,2020
North-Eastern Islands,North-Eastern Islands,10_to_14,0,2020
North-Eastern Islands,North-Eastern Islands,15_to_19,0,2020
North-Eastern Islands,North-Eastern Islands,20_to_24,0,2020
North-Eastern Islands,North-Eastern Islands,25_to_29,0,2020
North-Eastern Islands,North-Eastern Islands,30_to_34,0,2020
North-Eastern Islands,North-Eastern Islands,35_to_39,0,2020
North-Eastern Islands,North-Eastern Islands,40_to_44,0,2020
North-Eastern Islands,North-Eastern Islands,45_to_49,0,2020
North-Eastern Islands,North-Eastern Islands,50_to_54,0,2020
North-Eastern Islands,North-Eastern Islands,55_to_59,0,2020
North-Eastern Islands,North-Eastern Islands,5_to_9,0,2020
North-Eastern Islands,North-Eastern Islands,60_to_64,0,2020
North-Eastern Islands,North-Eastern Islands,65_to_69,0,2020
North-Eastern Islands,North-Eastern Islands,70_to_74,0,2020
North-Eastern Islands,North-Eastern Islands,75_to_79,0,2020
North-Eastern Islands,North-Eastern Islands,80_to_84,0,2020
North-Eastern Islands,North-Eastern Islands,85_to_89,0,2020
North-Eastern Islands,North-Eastern Islands,90_and_over,0,2020
Novena,Balestier,0_to_4,1310,2020
Novena,Balestier,10_to_14,1450,2020
Novena,Balestier,15_to_19,1390,2020
Novena,Balestier,20_to_24,1620,2020
Novena,Balestier,25_to_29,2010,2020
Novena,Balestier,30_to_34,2430,2020
Novena,Balestier,35_to_39,2400,2020
Novena,Balestier,40_to_44,2530,2020
Novena,Balestier,45_to_49,2750,2020
Novena,Balestier,50_to_54,2410,2020
Novena,Balestier,55_to_59,2320,2020
Novena,Balestier,5_to_9,1440,2020
Novena,Balestier,60_to_64,2230,2020
Novena,Balestier,65_to_69,1900,2020
Novena,Balestier,70_to_74,1630,2020
Novena,Balestier,75_to_79,1020,2020
Novena,Balestier,80_to_84,860,2020
Novena,Balestier,85_to_89,510,2020
Novena,Balestier,90_and_over,310,2020
Novena,Dunearn,0_to_4,150,2020
Novena,Dunearn,10_to_14,270,2020
Novena,Dunearn,15_to_19,260,2020
Novena,Dunearn,20_to_24,250,2020
Novena,Dunearn,25_to_29,220,2020
Novena,Dunearn,30_to_34,170,2020
Novena,Dunearn,35_to_39,180,2020
Novena,Dunearn,40_to_44,270,2020
Novena,Dunearn,45_to_49,330,2020
Novena,Dunearn,50_to_54,340,2020
Novena,Dunearn,55_to_59,300,2020
Novena,Dunearn,5_to_9,200,2020
Novena,Dunearn,60_to_64,240,2020
Novena,Dunearn,65_to_69,220,2020
Novena,Dunearn,70_to_74,190,2020
Novena,Dunearn,75_to_79,140,2020
Novena,Dunearn,80_to_84,100,2020
Novena,Dunearn,85_to_89,70,2020
Novena,Dunearn,90_and_over,40,2020
Novena,Malcolm,0_to_4,150,2020
Novena,Malcolm,10_to_14,210,2020
Novena,Malcolm,15_to_19,190,2020
Novena,Malcolm,20_to_24,140,2020
Novena,Malcolm,25_to_29,140,2020
Novena,Malcolm,30_to_34,130,2020
Novena,Malcolm,35_to_39,170,2020
Novena,Malcolm,40_to_44,250,2020
Novena,Malcolm,45_to_49,270,2020
Novena,Malcolm,50_to_54,200,2020
Novena,Malcolm,55_to_59,210,2020
Novena,Malcolm,5_to_9,230,2020
Novena,Malcolm,60_to_64,160,2020
Novena,Malcolm,65_to_69,160,2020
Novena,Malcolm,70_to_74,150,2020
Novena,Malcolm,75_to_79,90,2020
Novena,Malcolm,80_to_84,60,2020
Novena,Malcolm,85_to_89,40,2020
Novena,Malcolm,90_and_over,40,2020
Novena,Moulmein,0_to_4,520,2020
Novena,Moulmein,10_to_14,630,2020
Novena,Moulmein,15_to_19,390,2020
Novena,Moulmein,20_to_24,340,2020
Novena,Moulmein,25_to_29,400,2020
Novena,Moulmein,30_to_34,520,2020
Novena,Moulmein,35_to_39,860,2020
Novena,Moulmein,40_to_44,1130,2020
Novena,Moulmein,45_to_49,970,2020
Novena,Moulmein,50_to_54,630,2020
Novena,Moulmein,55_to_59,510,2020
Novena,Moulmein,5_to_9,1000,2020
Novena,Moulmein,60_to_64,370,2020
Novena,Moulmein,65_to_69,380,2020
Novena,Moulmein,70_to_74,260,2020
Novena,Moulmein,75_to_79,150,2020
Novena,Moulmein,80_to_84,100,2020
Novena,Moulmein,85_to_89,80,2020
Novena,Moulmein,90_and_over,50,2020
Novena,Mount Pleasant,0_to_4,30,2020
Novena,Mount Pleasant,10_to_14,40,2020
Novena,Mount Pleasant,15_to_19,50,2020
Novena,Mount Pleasant,20_to_24,50,2020
Novena,Mount Pleasant,25_to_29,50,2020
Novena,Mount Pleasant,30_to_34,40,2020
Novena,Mount Pleasant,35_to_39,40,2020
Novena,Mount Pleasant,40_to_44,20,2020
Novena,Mount Pleasant,45_to_49,40,2020
Novena,Mount Pleasant,50_to_54,50,2020
Novena,Mount Pleasant,55_to_59,60,2020
Novena,Mount Pleasant,5_to_9,20,2020
Novena,Mount Pleasant,60_to_64,50,2020
Novena,Mount Pleasant,65_to_69,50,2020
Novena,Mount Pleasant,70_to_74,40,2020
Novena,Mount Pleasant,75_to_79,20,2020
Novena,Mount Pleasant,80_to_84,20,2020
Novena,Mount Pleasant,85_to_89,20,2020
Novena,Mount Pleasant,90_and_over,10,2020
Orchard,Boulevard,0_to_4,20,2020
Orchard,Boulevard,10_to_14,20,2020
Orchard,Boulevard,15_to_19,10,2020
Orchard,Boulevard,20_to_24,10,2020
Orchard,Boulevard,25_to_29,10,2020
Orchard,Boulevard,30_to_34,20,2020
Orchard,Boulevard,35_to_39,30,2020
Orchard,Boulevard,40_to_44,30,2020
Orchard,Boulevard,45_to_49,50,2020
Orchard,Boulevard,50_to_54,20,2020
Orchard,Boulevard,55_to_59,20,2020
Orchard,Boulevard,5_to_9,10,2020
Orchard,Boulevard,60_to_64,50,2020
Orchard,Boulevard,65_to_69,30,2020
Orchard,Boulevard,70_to_74,20,2020
Orchard,Boulevard,75_to_79,10,2020
Orchard,Boulevard,80_to_84,10,2020
Orchard,Boulevard,85_to_89,0,2020
Orchard,Boulevard,90_and_over,0,2020
Orchard,Somerset,0_to_4,0,2020
Orchard,Somerset,10_to_14,0,2020
Orchard,Somerset,15_to_19,0,2020
Orchard,Somerset,20_to_24,0,2020
Orchard,Somerset,25_to_29,0,2020
Orchard,Somerset,30_to_34,10,2020
Orchard,Somerset,35_to_39,10,2020
Orchard,Somerset,40_to_44,10,2020
Orchard,Somerset,45_to_49,20,2020
Orchard,Somerset,50_to_54,20,2020
Orchard,Somerset,55_to_59,0,2020
Orchard,Somerset,5_to_9,0,2020
Orchard,Somerset,60_to_64,10,2020
Orchard,Somerset,65_to_69,0,2020
Orchard,Somerset,70_to_74,0,2020
Orchard,Somerset,75_to_79,0,2020
Orchard,Somerset,80_to_84,0,2020
Orchard,Somerset,85_to_89,0,2020
Orchard,Somerset,90_and_over,0,2020
Orchard,Tanglin,0_to_4,20,2020
Orchard,Tanglin,10_to_14,30,2020
Orchard,Tanglin,15_to_19,20,2020
Orchard,Tanglin,20_to_24,10,2020
Orchard,Tanglin,25_to_29,10,2020
Orchard,Tanglin,30_to_34,20,2020
Orchard,Tanglin,35_to_39,20,2020
Orchard,Tanglin,40_to_44,50,2020
Orchard,Tanglin,45_to_49,50,2020
Orchard,Tanglin,50_to_54,30,2020
Orchard,Tanglin,55_to_59,20,2020
Orchard,Tanglin,5_to_9,20,2020
Orchard,Tanglin,60_to_64,20,2020
Orchard,Tanglin,65_to_69,20,2020
Orchard,Tanglin,70_to_74,20,2020
Orchard,Tanglin,75_to_79,0,2020
Orchard,Tanglin,80_to_84,0,2020
Orchard,Tanglin,85_to_89,0,2020
Orchard,Tanglin,90_and_over,0,2020
Outram,China Square,0_to_4,20,2020
Outram,China Square,10_to_14,20,2020
Outram,China Square,15_to_19,30,2020
Outram,China Square,20_to_24,40,2020
Outram,China Square,25_to_29,60,2020
Outram,China Square,30_to_34,80,2020
Outram,China Square,35_to_39,100,2020
Outram,China Square,40_to_44,70,2020
Outram,China Square,45_to_49,110,2020
Outram,China Square,50_to_54,90,2020
Outram,China Square,55_to_59,120,2020
Outram,China Square,5_to_9,30,2020
Outram,China Square,60_to_64,120,2020
Outram,China Square,65_to_69,150,2020
Outram,China Square,70_to_74,120,2020
Outram,China Square,75_to_79,60,2020
Outram,China Square,80_to_84,60,2020
Outram,China Square,85_to_89,30,2020
Outram,China Square,90_and_over,10,2020
Outram,Chinatown,0_to_4,450,2020
Outram,Chinatown,10_to_14,520,2020
Outram,Chinatown,15_to_19,330,2020
Outram,Chinatown,20_to_24,370,2020
Outram,Chinatown,25_to_29,550,2020
Outram,Chinatown,30_to_34,700,2020
Outram,Chinatown,35_to_39,850,2020
Outram,Chinatown,40_to_44,1160,2020
Outram,Chinatown,45_to_49,900,2020
Outram,Chinatown,50_to_54,680,2020
Outram,Chinatown,55_to_59,700,2020
Outram,Chinatown,5_to_9,580,2020
Outram,Chinatown,60_to_64,680,2020
Outram,Chinatown,65_to_69,600,2020
Outram,Chinatown,70_to_74,530,2020
Outram,Chinatown,75_to_79,330,2020
Outram,Chinatown,80_to_84,290,2020
Outram,Chinatown,85_to_89,150,2020
Outram,Chinatown,90_and_over,180,2020
Outram,Pearl's Hill,0_to_4,160,2020
Outram,Pearl's Hill,10_to_14,180,2020
Outram,Pearl's Hill,15_to_19,170,2020
Outram,Pearl's Hill,20_to_24,250,2020
Outram,Pearl's Hill,25_to_29,260,2020
Outram,Pearl's Hill,30_to_34,260,2020
Outram,Pearl's Hill,35_to_39,280,2020
Outram,Pearl's Hill,40_to_44,250,2020
Outram,Pearl's Hill,45_to_49,400,2020
Outram,Pearl's Hill,50_to_54,440,2020
Outram,Pearl's Hill,55_to_59,570,2020
Outram,Pearl's Hill,5_to_9,170,2020
Outram,Pearl's Hill,60_to_64,670,2020
Outram,Pearl's Hill,65_to_69,600,2020
Outram,Pearl's Hill,70_to_74,560,2020
Outram,Pearl's Hill,75_to_79,340,2020
Outram,Pearl's Hill,80_to_84,310,2020
Outram,Pearl's Hill,85_to_89,140,2020
Outram,Pearl's Hill,90_and_over,170,2020
Outram,People's Park,0_to_4,0,2020
Outram,People's Park,10_to_14,0,2020
Outram,People's Park,15_to_19,10,2020
Outram,People's Park,20_to_24,10,2020
Outram,People's Park,25_to_29,30,2020
Outram,People's Park,30_to_34,40,2020
Outram,People's Park,35_to_39,30,2020
Outram,People's Park,40_to_44,20,2020
Outram,People's Park,45_to_49,30,2020
Outram,People's Park,50_to_54,20,2020
Outram,People's Park,55_to_59,10,2020
Outram,People's Park,5_to_9,0,2020
Outram,People's Park,60_to_64,20,2020
Outram,People's Park,65_to_69,30,2020
Outram,People's Park,70_to_74,10,2020
Outram,People's Park,75_to_79,10,2020
Outram,People's Park,80_to_84,10,2020
Outram,People's Park,85_to_89,0,2020
Outram,People's Park,90_and_over,0,2020
Pasir Ris,Flora Drive,0_to_4,540,2020
Pasir Ris,Flora Drive,10_to_14,850,2020
Pasir Ris,Flora Drive,15_to_19,930,2020
Pasir Ris,Flora Drive,20_to_24,990,2020
Pasir Ris,Flora Drive,25_to_29,1030,2020
Pasir Ris,Flora Drive,30_to_34,870,2020
Pasir Ris,Flora Drive,35_to_39,910,2020
Pasir Ris,Flora Drive,40_to_44,1260,2020
Pasir Ris,Flora Drive,45_to_49,1350,2020
Pasir Ris,Flora Drive,50_to_54,1260,2020
Pasir Ris,Flora Drive,55_to_59,1200,2020
Pasir Ris,Flora Drive,5_to_9,690,2020
Pasir Ris,Flora Drive,60_to_64,990,2020
Pasir Ris,Flora Drive,65_to_69,680,2020
Pasir Ris,Flora Drive,70_to_74,490,2020
Pasir Ris,Flora Drive,75_to_79,250,2020
Pasir Ris,Flora Drive,80_to_84,210,2020
Pasir Ris,Flora Drive,85_to_89,120,2020
Pasir Ris,Flora Drive,90_and_over,70,2020
Pasir Ris,Loyang East,0_to_4,60,2020
Pasir Ris,Loyang East,10_to_14,100,2020
Pasir Ris,Loyang East,15_to_19,150,2020
Pasir Ris,Loyang East,20_to_24,150,2020
Pasir Ris,Loyang East,25_to_29,190,2020
Pasir Ris,Loyang East,30_to_34,110,2020
Pasir Ris,Loyang East,35_to_39,110,2020
Pasir Ris,Loyang East,40_to_44,140,2020
Pasir Ris,Loyang East,45_to_49,170,2020
Pasir Ris,Loyang East,50_to_54,180,2020
Pasir Ris,Loyang East,55_to_59,190,2020
Pasir Ris,Loyang East,5_to_9,70,2020
Pasir Ris,Loyang East,60_to_64,200,2020
Pasir Ris,Loyang East,65_to_69,160,2020
Pasir Ris,Loyang East,70_to_74,110,2020
Pasir Ris,Loyang East,75_to_79,60,2020
Pasir Ris,Loyang East,80_to_84,30,2020
Pasir Ris,Loyang East,85_to_89,10,2020
Pasir Ris,Loyang East,90_and_over,10,2020
Pasir Ris,Loyang West,0_to_4,0,2020
Pasir Ris,Loyang West,10_to_14,0,2020
Pasir Ris,Loyang West,15_to_19,0,2020
Pasir Ris,Loyang West,20_to_24,0,2020
Pasir Ris,Loyang West,25_to_29,0,2020
Pasir Ris,Loyang West,30_to_34,0,2020
Pasir Ris,Loyang West,35_to_39,0,2020
Pasir Ris,Loyang West,40_to_44,0,2020
Pasir Ris,Loyang West,45_to_49,0,2020
Pasir Ris,Loyang West,50_to_54,0,2020
Pasir Ris,Loyang West,55_to_59,0,2020
Pasir Ris,Loyang West,5_to_9,0,2020
Pasir Ris,Loyang West,60_to_64,10,2020
Pasir Ris,Loyang West,65_to_69,20,2020
Pasir Ris,Loyang West,70_to_74,20,2020
Pasir Ris,Loyang West,75_to_79,30,2020
Pasir Ris,Loyang West,80_to_84,50,2020
Pasir Ris,Loyang West,85_to_89,40,2020
Pasir Ris,Loyang West,90_and_over,30,2020
Pasir Ris,Pasir Ris Central,0_to_4,1630,2020
Pasir Ris,Pasir Ris Central,10_to_14,1670,2020
Pasir Ris,Pasir Ris Central,15_to_19,1870,2020
Pasir Ris,Pasir Ris Central,20_to_24,2430,2020
Pasir Ris,Pasir Ris Central,25_to_29,2680,2020
Pasir Ris,Pasir Ris Central,30_to_34,2390,2020
Pasir Ris,Pasir Ris Central,35_to_39,2520,2020
Pasir Ris,Pasir Ris Central,40_to_44,2270,2020
Pasir Ris,Pasir Ris Central,45_to_49,2280,2020
Pasir Ris,Pasir Ris Central,50_to_54,2600,2020
Pasir Ris,Pasir Ris Central,55_to_59,2870,2020
Pasir Ris,Pasir Ris Central,5_to_9,1740,2020
Pasir Ris,Pasir Ris Central,60_to_64,2100,2020
Pasir Ris,Pasir Ris Central,65_to_69,1350,2020
Pasir Ris,Pasir Ris Central,70_to_74,830,2020
Pasir Ris,Pasir Ris Central,75_to_79,450,2020
Pasir Ris,Pasir Ris Central,80_to_84,310,2020
Pasir Ris,Pasir Ris Central,85_to_89,190,2020
Pasir Ris,Pasir Ris Central,90_and_over,100,2020
Pasir Ris,Pasir Ris Drive,0_to_4,1740,2020
Pasir Ris,Pasir Ris Drive,10_to_14,2580,2020
Pasir Ris,Pasir Ris Drive,15_to_19,3380,2020
Pasir Ris,Pasir Ris Drive,20_to_24,4960,2020
Pasir Ris,Pasir Ris Drive,25_to_29,5870,2020
Pasir Ris,Pasir Ris Drive,30_to_34,3270,2020
Pasir Ris,Pasir Ris Drive,35_to_39,2650,2020
Pasir Ris,Pasir Ris Drive,40_to_44,2880,2020
Pasir Ris,Pasir Ris Drive,45_to_49,3450,2020
Pasir Ris,Pasir Ris Drive,50_to_54,4730,2020
Pasir Ris,Pasir Ris Drive,55_to_59,5660,2020
Pasir Ris,Pasir Ris Drive,5_to_9,2000,2020
Pasir Ris,Pasir Ris Drive,60_to_64,4390,2020
Pasir Ris,Pasir Ris Drive,65_to_69,2930,2020
Pasir Ris,Pasir Ris Drive,70_to_74,1880,2020
Pasir Ris,Pasir Ris Drive,75_to_79,910,2020
Pasir Ris,Pasir Ris Drive,80_to_84,660,2020
Pasir Ris,Pasir Ris Drive,85_to_89,340,2020
Pasir Ris,Pasir Ris Drive,90_and_over,170,2020
Pasir Ris,Pasir Ris Park,0_to_4,470,2020
Pasir Ris,Pasir Ris Park,10_to_14,550,2020
Pasir Ris,Pasir Ris Park,15_to_19,500,2020
Pasir Ris,Pasir Ris Park,20_to_24,460,2020
Pasir Ris,Pasir Ris Park,25_to_29,350,2020
Pasir Ris,Pasir Ris Park,30_to_34,530,2020
Pasir Ris,Pasir Ris Park,35_to_39,730,2020
Pasir Ris,Pasir Ris Park,40_to_44,910,2020
Pasir Ris,Pasir Ris Park,45_to_49,790,2020
Pasir Ris,Pasir Ris Park,50_to_54,640,2020
Pasir Ris,Pasir Ris Park,55_to_59,480,2020
Pasir Ris,Pasir Ris Park,5_to_9,570,2020
Pasir Ris,Pasir Ris Park,60_to_64,240,2020
Pasir Ris,Pasir Ris Park,65_to_69,190,2020
Pasir Ris,Pasir Ris Park,70_to_74,120,2020
Pasir Ris,Pasir Ris Park,75_to_79,60,2020
Pasir Ris,Pasir Ris Park,80_to_84,30,2020
Pasir Ris,Pasir Ris Park,85_to_89,20,2020
Pasir Ris,Pasir Ris Park,90_and_over,10,2020
Pasir Ris,Pasir Ris Wafer Fab Park,0_to_4,0,2020
Pasir Ris,Pasir Ris Wafer Fab Park,10_to_14,0,2020
Pasir Ris,Pasir Ris Wafer Fab Park,15_to_19,0,2020
Pasir Ris,Pasir Ris Wafer Fab Park,20_to_24,0,2020
Pasir Ris,Pasir Ris Wafer Fab Park,25_to_29,0,2020
Pasir Ris,Pasir Ris Wafer Fab Park,30_to_34,0,2020
Pasir Ris,Pasir Ris Wafer Fab Park,35_to_39,0,2020
Pasir Ris,Pasir Ris Wafer Fab Park,40_to_44,0,2020
Pasir Ris,Pasir Ris Wafer Fab Park,45_to_49,0,2020
Pasir Ris,Pasir Ris Wafer Fab Park,50_to_54,0,2020
Pasir Ris,Pasir Ris Wafer Fab Park,55_to_59,0,2020
Pasir Ris,Pasir Ris Wafer Fab Park,5_to_9,0,2020
Pasir Ris,Pasir Ris Wafer Fab Park,60_to_64,0,2020
Pasir Ris,Pasir Ris Wafer Fab Park,65_to_69,0,2020
Pasir Ris,Pasir Ris Wafer Fab Park,70_to_74,0,2020
Pasir Ris,Pasir Ris Wafer Fab Park,75_to_79,0,2020
Pasir Ris,Pasir Ris Wafer Fab Park,80_to_84,0,2020
Pasir Ris,Pasir Ris Wafer Fab Park,85_to_89,0,2020
Pasir Ris,Pasir Ris Wafer Fab Park,90_and_over,0,2020
Pasir Ris,Pasir Ris West,0_to_4,1270,2020
Pasir Ris,Pasir Ris West,10_to_14,1970,2020
Pasir Ris,Pasir Ris West,15_to_19,2540,2020
Pasir Ris,Pasir Ris West,20_to_24,3450,2020
Pasir Ris,Pasir Ris West,25_to_29,3270,2020
Pasir Ris,Pasir Ris West,30_to_34,1890,2020
Pasir Ris,Pasir Ris West,35_to_39,2000,2020
Pasir Ris,Pasir Ris West,40_to_44,2360,2020
Pasir Ris,Pasir Ris West,45_to_49,2800,2020
Pasir Ris,Pasir Ris West,50_to_54,3590,2020
Pasir Ris,Pasir Ris West,55_to_59,3430,2020
Pasir Ris,Pasir Ris West,5_to_9,1500,2020
Pasir Ris,Pasir Ris West,60_to_64,2290,2020
Pasir Ris,Pasir Ris West,65_to_69,1460,2020
Pasir Ris,Pasir Ris West,70_to_74,900,2020
Pasir Ris,Pasir Ris West,75_to_79,500,2020
Pasir Ris,Pasir Ris West,80_to_84,340,2020
Pasir Ris,Pasir Ris West,85_to_89,200,2020
Pasir Ris,Pasir Ris West,90_and_over,110,2020
Paya Lebar,Airport Road,0_to_4,0,2020
Paya Lebar,Airport Road,10_to_14,0,2020
Paya Lebar,Airport Road,15_to_19,0,2020
Paya Lebar,Airport Road,20_to_24,0,2020
Paya Lebar,Airport Road,25_to_29,0,2020
Paya Lebar,Airport Road,30_to_34,0,2020
Paya Lebar,Airport Road,35_to_39,0,2020
Paya Lebar,Airport Road,40_to_44,0,2020
Paya Lebar,Airport Road,45_to_49,0,2020
Paya Lebar,Airport Road,50_to_54,0,2020
Paya Lebar,Airport Road,55_to_59,0,2020
Paya Lebar,Airport Road,5_to_9,0,2020
Paya Lebar,Airport Road,60_to_64,0,2020
Paya Lebar,Airport Road,65_to_69,0,2020
Paya Lebar,Airport Road,70_to_74,0,2020
Paya Lebar,Airport Road,75_to_79,0,2020
Paya Lebar,Airport Road,80_to_84,0,2020
Paya Lebar,Airport Road,85_to_89,0,2020
Paya Lebar,Airport Road,90_and_over,0,2020
Paya Lebar,Paya Lebar East,0_to_4,0,2020
Paya Lebar,Paya Lebar East,10_to_14,0,2020
Paya Lebar,Paya Lebar East,15_to_19,0,2020
Paya Lebar,Paya Lebar East,20_to_24,0,2020
Paya Lebar,Paya Lebar East,25_to_29,0,2020
Paya Lebar,Paya Lebar East,30_to_34,0,2020
Paya Lebar,Paya Lebar East,35_to_39,0,2020
Paya Lebar,Paya Lebar East,40_to_44,0,2020
Paya Lebar,Paya Lebar East,45_to_49,0,2020
Paya Lebar,Paya Lebar East,50_to_54,0,2020
Paya Lebar,Paya Lebar East,55_to_59,0,2020
Paya Lebar,Paya Lebar East,5_to_9,0,2020
Paya Lebar,Paya Lebar East,60_to_64,0,2020
Paya Lebar,Paya Lebar East,65_to_69,0,2020
Paya Lebar,Paya Lebar East,70_to_74,0,2020
Paya Lebar,Paya Lebar East,75_to_79,0,2020
Paya Lebar,Paya Lebar East,80_to_84,0,2020
Paya Lebar,Paya Lebar East,85_to_89,0,2020
Paya Lebar,Paya Lebar East,90_and_over,0,2020
Paya Lebar,Paya Lebar North,0_to_4,0,2020
Paya Lebar,Paya Lebar North,10_to_14,0,2020
Paya Lebar,Paya Lebar North,15_to_19,0,2020
Paya Lebar,Paya Lebar North,20_to_24,0,2020
Paya Lebar,Paya Lebar North,25_to_29,0,2020
Paya Lebar,Paya Lebar North,30_to_34,0,2020
Paya Lebar,Paya Lebar North,35_to_39,0,2020
Paya Lebar,Paya Lebar North,40_to_44,0,2020
Paya Lebar,Paya Lebar North,45_to_49,0,2020
Paya Lebar,Paya Lebar North,50_to_54,0,2020
Paya Lebar,Paya Lebar North,55_to_59,0,2020
Paya Lebar,Paya Lebar North,5_to_9,0,2020
Paya Lebar,Paya Lebar North,60_to_64,0,2020
Paya Lebar,Paya Lebar North,65_to_69,0,2020
Paya Lebar,Paya Lebar North,70_to_74,0,2020
Paya Lebar,Paya Lebar North,75_to_79,0,2020
Paya Lebar,Paya Lebar North,80_to_84,0,2020
Paya Lebar,Paya Lebar North,85_to_89,0,2020
Paya Lebar,Paya Lebar North,90_and_over,0,2020
Paya Lebar,Paya Lebar West,0_to_4,0,2020
Paya Lebar,Paya Lebar West,10_to_14,0,2020
Paya Lebar,Paya Lebar West,15_to_19,0,2020
Paya Lebar,Paya Lebar West,20_to_24,0,2020
Paya Lebar,Paya Lebar West,25_to_29,0,2020
Paya Lebar,Paya Lebar West,30_to_34,0,2020
Paya Lebar,Paya Lebar West,35_to_39,0,2020
Paya Lebar,Paya Lebar West,40_to_44,0,2020
Paya Lebar,Paya Lebar West,45_to_49,0,2020
Paya Lebar,Paya Lebar West,50_to_54,0,2020
Paya Lebar,Paya Lebar West,55_to_59,0,2020
Paya Lebar,Paya Lebar West,5_to_9,0,2020
Paya Lebar,Paya Lebar West,60_to_64,0,2020
Paya Lebar,Paya Lebar West,65_to_69,0,2020
Paya Lebar,Paya Lebar West,70_to_74,0,2020
Paya Lebar,Paya Lebar West,75_to_79,0,2020
Paya Lebar,Paya Lebar West,80_to_84,0,2020
Paya Lebar,Paya Lebar West,85_to_89,0,2020
Paya Lebar,Paya Lebar West,90_and_over,0,2020
Paya Lebar,Plab,0_to_4,0,2020
Paya Lebar,Plab,10_to_14,0,2020
Paya Lebar,Plab,15_to_19,0,2020
Paya Lebar,Plab,20_to_24,0,2020
Paya Lebar,Plab,25_to_29,0,2020
Paya Lebar,Plab,30_to_34,0,2020
Paya Lebar,Plab,35_to_39,0,2020
Paya Lebar,Plab,40_to_44,0,2020
Paya Lebar,Plab,45_to_49,0,2020
Paya Lebar,Plab,50_to_54,0,2020
Paya Lebar,Plab,55_to_59,0,2020
Paya Lebar,Plab,5_to_9,0,2020
Paya Lebar,Plab,60_to_64,0,2020
Paya Lebar,Plab,65_to_69,0,2020
Paya Lebar,Plab,70_to_74,0,2020
Paya Lebar,Plab,75_to_79,0,2020
Paya Lebar,Plab,80_to_84,0,2020
Paya Lebar,Plab,85_to_89,0,2020
Paya Lebar,Plab,90_and_over,0,2020
Pioneer,Benoi Sector,0_to_4,0,2020
Pioneer,Benoi Sector,10_to_14,0,2020
Pioneer,Benoi Sector,15_to_19,0,2020
Pioneer,Benoi Sector,20_to_24,0,2020
Pioneer,Benoi Sector,25_to_29,0,2020
Pioneer,Benoi Sector,30_to_34,0,2020
Pioneer,Benoi Sector,35_to_39,0,2020
Pioneer,Benoi Sector,40_to_44,0,2020
Pioneer,Benoi Sector,45_to_49,0,2020
Pioneer,Benoi Sector,50_to_54,0,2020
Pioneer,Benoi Sector,55_to_59,0,2020
Pioneer,Benoi Sector,5_to_9,0,2020
Pioneer,Benoi Sector,60_to_64,0,2020
Pioneer,Benoi Sector,65_to_69,0,2020
Pioneer,Benoi Sector,70_to_74,0,2020
Pioneer,Benoi Sector,75_to_79,0,2020
Pioneer,Benoi Sector,80_to_84,0,2020
Pioneer,Benoi Sector,85_to_89,0,2020
Pioneer,Benoi Sector,90_and_over,0,2020
Pioneer,Gul Basin,0_to_4,0,2020
Pioneer,Gul Basin,10_to_14,0,2020
Pioneer,Gul Basin,15_to_19,0,2020
Pioneer,Gul Basin,20_to_24,0,2020
Pioneer,Gul Basin,25_to_29,0,2020
Pioneer,Gul Basin,30_to_34,0,2020
Pioneer,Gul Basin,35_to_39,0,2020
Pioneer,Gul Basin,40_to_44,0,2020
Pioneer,Gul Basin,45_to_49,0,2020
Pioneer,Gul Basin,50_to_54,0,2020
Pioneer,Gul Basin,55_to_59,0,2020
Pioneer,Gul Basin,5_to_9,0,2020
Pioneer,Gul Basin,60_to_64,0,2020
Pioneer,Gul Basin,65_to_69,0,2020
Pioneer,Gul Basin,70_to_74,0,2020
Pioneer,Gul Basin,75_to_79,0,2020
Pioneer,Gul Basin,80_to_84,0,2020
Pioneer,Gul Basin,85_to_89,0,2020
Pioneer,Gul Basin,90_and_over,0,2020
Pioneer,Gul Circle,0_to_4,0,2020
Pioneer,Gul Circle,10_to_14,0,2020
Pioneer,Gul Circle,15_to_19,0,2020
Pioneer,Gul Circle,20_to_24,0,2020
Pioneer,Gul Circle,25_to_29,0,2020
Pioneer,Gul Circle,30_to_34,0,2020
Pioneer,Gul Circle,35_to_39,0,2020
Pioneer,Gul Circle,40_to_44,0,2020
Pioneer,Gul Circle,45_to_49,0,2020
Pioneer,Gul Circle,50_to_54,0,2020
Pioneer,Gul Circle,55_to_59,0,2020
Pioneer,Gul Circle,5_to_9,0,2020
Pioneer,Gul Circle,60_to_64,0,2020
Pioneer,Gul Circle,65_to_69,0,2020
Pioneer,Gul Circle,70_to_74,0,2020
Pioneer,Gul Circle,75_to_79,0,2020
Pioneer,Gul Circle,80_to_84,0,2020
Pioneer,Gul Circle,85_to_89,0,2020
Pioneer,Gul Circle,90_and_over,0,2020
Pioneer,Joo Koon,0_to_4,0,2020
Pioneer,Joo Koon,10_to_14,0,2020
Pioneer,Joo Koon,15_to_19,0,2020
Pioneer,Joo Koon,20_to_24,0,2020
Pioneer,Joo Koon,25_to_29,0,2020
Pioneer,Joo Koon,30_to_34,0,2020
Pioneer,Joo Koon,35_to_39,0,2020
Pioneer,Joo Koon,40_to_44,0,2020
Pioneer,Joo Koon,45_to_49,0,2020
Pioneer,Joo Koon,50_to_54,0,2020
Pioneer,Joo Koon,55_to_59,0,2020
Pioneer,Joo Koon,5_to_9,0,2020
Pioneer,Joo Koon,60_to_64,0,2020
Pioneer,Joo Koon,65_to_69,0,2020
Pioneer,Joo Koon,70_to_74,0,2020
Pioneer,Joo Koon,75_to_79,0,2020
Pioneer,Joo Koon,80_to_84,0,2020
Pioneer,Joo Koon,85_to_89,0,2020
Pioneer,Joo Koon,90_and_over,0,2020
Pioneer,Pioneer Sector,0_to_4,0,2020
Pioneer,Pioneer Sector,10_to_14,0,2020
Pioneer,Pioneer Sector,15_to_19,0,2020
Pioneer,Pioneer Sector,20_to_24,0,2020
Pioneer,Pioneer Sector,25_to_29,0,2020
Pioneer,Pioneer Sector,30_to_34,0,2020
Pioneer,Pioneer Sector,35_to_39,0,2020
Pioneer,Pioneer Sector,40_to_44,0,2020
Pioneer,Pioneer Sector,45_to_49,0,2020
Pioneer,Pioneer Sector,50_to_54,0,2020
Pioneer,Pioneer Sector,55_to_59,0,2020
Pioneer,Pioneer Sector,5_to_9,0,2020
Pioneer,Pioneer Sector,60_to_64,0,2020
Pioneer,Pioneer Sector,65_to_69,0,2020
Pioneer,Pioneer Sector,70_to_74,0,2020
Pioneer,Pioneer Sector,75_to_79,0,2020
Pioneer,Pioneer Sector,80_to_84,0,2020
Pioneer,Pioneer Sector,85_to_89,0,2020
Pioneer,Pioneer Sector,90_and_over,0,2020
Punggol,Coney Island,0_to_4,0,2020
Punggol,Coney Island,10_to_14,0,2020
Punggol,Coney Island,15_to_19,0,2020
Punggol,Coney Island,20_to_24,0,2020
Punggol,Coney Island,25_to_29,0,2020
Punggol,Coney Island,30_to_34,0,2020
Punggol,Coney Island,35_to_39,0,2020
Punggol,Coney Island,40_to_44,0,2020
Punggol,Coney Island,45_to_49,0,2020
Punggol,Coney Island,50_to_54,0,2020
Punggol,Coney Island,55_to_59,0,2020
Punggol,Coney Island,5_to_9,0,2020
Punggol,Coney Island,60_to_64,0,2020
Punggol,Coney Island,65_to_69,0,2020
Punggol,Coney Island,70_to_74,0,2020
Punggol,Coney Island,75_to_79,0,2020
Punggol,Coney Island,80_to_84,0,2020
Punggol,Coney Island,85_to_89,0,2020
Punggol,Coney Island,90_and_over,0,2020
Punggol,Matilda,0_to_4,5430,2020
Punggol,Matilda,10_to_14,3160,2020
Punggol,Matilda,15_to_19,2220,2020
Punggol,Matilda,20_to_24,1850,2020
Punggol,Matilda,25_to_29,2670,2020
Punggol,Matilda,30_to_34,5480,2020
Punggol,Matilda,35_to_39,7510,2020
Punggol,Matilda,40_to_44,5110,2020
Punggol,Matilda,45_to_49,3830,2020
Punggol,Matilda,50_to_54,2530,2020
Punggol,Matilda,55_to_59,2150,2020
Punggol,Matilda,5_to_9,4860,2020
Punggol,Matilda,60_to_64,1740,2020
Punggol,Matilda,65_to_69,1550,2020
Punggol,Matilda,70_to_74,1140,2020
Punggol,Matilda,75_to_79,540,2020
Punggol,Matilda,80_to_84,320,2020
Punggol,Matilda,85_to_89,150,2020
Punggol,Matilda,90_and_over,80,2020
Punggol,Northshore,0_to_4,10,2020
Punggol,Northshore,10_to_14,10,2020
Punggol,Northshore,15_to_19,20,2020
Punggol,Northshore,20_to_24,30,2020
Punggol,Northshore,25_to_29,50,2020
Punggol,Northshore,30_to_34,40,2020
Punggol,Northshore,35_to_39,10,2020
Punggol,Northshore,40_to_44,30,2020
Punggol,Northshore,45_to_49,30,2020
Punggol,Northshore,50_to_54,30,2020
Punggol,Northshore,55_to_59,30,2020
Punggol,Northshore,5_to_9,20,2020
Punggol,Northshore,60_to_64,30,2020
Punggol,Northshore,65_to_69,30,2020
Punggol,Northshore,70_to_74,20,2020
Punggol,Northshore,75_to_79,0,2020
Punggol,Northshore,80_to_84,0,2020
Punggol,Northshore,85_to_89,0,2020
Punggol,Northshore,90_and_over,0,2020
Punggol,Punggol Canal,0_to_4,0,2020
Punggol,Punggol Canal,10_to_14,0,2020
Punggol,Punggol Canal,15_to_19,0,2020
Punggol,Punggol Canal,20_to_24,0,2020
Punggol,Punggol Canal,25_to_29,0,2020
Punggol,Punggol Canal,30_to_34,0,2020
Punggol,Punggol Canal,35_to_39,0,2020
Punggol,Punggol Canal,40_to_44,0,2020
Punggol,Punggol Canal,45_to_49,0,2020
Punggol,Punggol Canal,50_to_54,0,2020
Punggol,Punggol Canal,55_to_59,0,2020
Punggol,Punggol Canal,5_to_9,0,2020
Punggol,Punggol Canal,60_to_64,0,2020
Punggol,Punggol Canal,65_to_69,0,2020
Punggol,Punggol Canal,70_to_74,0,2020
Punggol,Punggol Canal,75_to_79,0,2020
Punggol,Punggol Canal,80_to_84,0,2020
Punggol,Punggol Canal,85_to_89,0,2020
Punggol,Punggol Canal,90_and_over,0,2020
Punggol,Punggol Field,0_to_4,2420,2020
Punggol,Punggol Field,10_to_14,3950,2020
Punggol,Punggol Field,15_to_19,3400,2020
Punggol,Punggol Field,20_to_24,2650,2020
Punggol,Punggol Field,25_to_29,2460,2020
Punggol,Punggol Field,30_to_34,2760,2020
Punggol,Punggol Field,35_to_39,4030,2020
Punggol,Punggol Field,40_to_44,5110,2020
Punggol,Punggol Field,45_to_49,5150,2020
Punggol,Punggol Field,50_to_54,3380,2020
Punggol,Punggol Field,55_to_59,2940,2020
Punggol,Punggol Field,5_to_9,3370,2020
Punggol,Punggol Field,60_to_64,2520,2020
Punggol,Punggol Field,65_to_69,1930,2020
Punggol,Punggol Field,70_to_74,1420,2020
Punggol,Punggol Field,75_to_79,670,2020
Punggol,Punggol Field,80_to_84,470,2020
Punggol,Punggol Field,85_to_89,250,2020
Punggol,Punggol Field,90_and_over,140,2020
Punggol,Punggol Town Centre,0_to_4,2820,2020
Punggol,Punggol Town Centre,10_to_14,1140,2020
Punggol,Punggol Town Centre,15_to_19,830,2020
Punggol,Punggol Town Centre,20_to_24,630,2020
Punggol,Punggol Town Centre,25_to_29,1020,2020
Punggol,Punggol Town Centre,30_to_34,3030,2020
Punggol,Punggol Town Centre,35_to_39,3430,2020
Punggol,Punggol Town Centre,40_to_44,2120,2020
Punggol,Punggol Town Centre,45_to_49,1440,2020
Punggol,Punggol Town Centre,50_to_54,980,2020
Punggol,Punggol Town Centre,55_to_59,800,2020
Punggol,Punggol Town Centre,5_to_9,2190,2020
Punggol,Punggol Town Centre,60_to_64,630,2020
Punggol,Punggol Town Centre,65_to_69,490,2020
Punggol,Punggol Town Centre,70_to_74,380,2020
Punggol,Punggol Town Centre,75_to_79,170,2020
Punggol,Punggol Town Centre,80_to_84,120,2020
Punggol,Punggol Town Centre,85_to_89,80,2020
Punggol,Punggol Town Centre,90_and_over,10,2020
Punggol,Waterway East,0_to_4,5480,2020
Punggol,Waterway East,10_to_14,3170,2020
Punggol,Waterway East,15_to_19,2150,2020
Punggol,Waterway East,20_to_24,1640,2020
Punggol,Waterway East,25_to_29,2190,2020
Punggol,Waterway East,30_to_34,5910,2020
Punggol,Waterway East,35_to_39,7250,2020
Punggol,Waterway East,40_to_44,5040,2020
Punggol,Waterway East,45_to_49,3570,2020
Punggol,Waterway East,50_to_54,2330,2020
Punggol,Waterway East,55_to_59,2010,2020
Punggol,Waterway East,5_to_9,4910,2020
Punggol,Waterway East,60_to_64,1540,2020
Punggol,Waterway East,65_to_69,1390,2020
Punggol,Waterway East,70_to_74,1050,2020
Punggol,Waterway East,75_to_79,510,2020
Punggol,Waterway East,80_to_84,290,2020
Punggol,Waterway East,85_to_89,150,2020
Punggol,Waterway East,90_and_over,80,2020
Queenstown,Commonwealth,0_to_4,150,2020
Queenstown,Commonwealth,10_to_14,270,2020
Queenstown,Commonwealth,15_to_19,280,2020
Queenstown,Commonwealth,20_to_24,290,2020
Queenstown,Commonwealth,25_to_29,400,2020
Queenstown,Commonwealth,30_to_34,420,2020
Queenstown,Commonwealth,35_to_39,430,2020
Queenstown,Commonwealth,40_to_44,460,2020
Queenstown,Commonwealth,45_to_49,570,2020
Queenstown,Commonwealth,50_to_54,570,2020
Queenstown,Commonwealth,55_to_59,610,2020
Queenstown,Commonwealth,5_to_9,200,2020
Queenstown,Commonwealth,60_to_64,560,2020
Queenstown,Commonwealth,65_to_69,460,2020
Queenstown,Commonwealth,70_to_74,430,2020
Queenstown,Commonwealth,75_to_79,320,2020
Queenstown,Commonwealth,80_to_84,310,2020
Queenstown,Commonwealth,85_to_89,190,2020
Queenstown,Commonwealth,90_and_over,100,2020
Queenstown,Dover,0_to_4,350,2020
Queenstown,Dover,10_to_14,660,2020
Queenstown,Dover,15_to_19,630,2020
Queenstown,Dover,20_to_24,640,2020
Queenstown,Dover,25_to_29,680,2020
Queenstown,Dover,30_to_34,540,2020
Queenstown,Dover,35_to_39,680,2020
Queenstown,Dover,40_to_44,890,2020
Queenstown,Dover,45_to_49,950,2020
Queenstown,Dover,50_to_54,890,2020
Queenstown,Dover,55_to_59,830,2020
Queenstown,Dover,5_to_9,540,2020
Queenstown,Dover,60_to_64,710,2020
Queenstown,Dover,65_to_69,600,2020
Queenstown,Dover,70_to_74,630,2020
Queenstown,Dover,75_to_79,380,2020
Queenstown,Dover,80_to_84,310,2020
Queenstown,Dover,85_to_89,130,2020
Queenstown,Dover,90_and_over,50,2020
Queenstown,Ghim Moh,0_to_4,850,2020
Queenstown,Ghim Moh,10_to_14,570,2020
Queenstown,Ghim Moh,15_to_19,490,2020
Queenstown,Ghim Moh,20_to_24,610,2020
Queenstown,Ghim Moh,25_to_29,790,2020
Queenstown,Ghim Moh,30_to_34,1310,2020
Queenstown,Ghim Moh,35_to_39,1110,2020
Queenstown,Ghim Moh,40_to_44,930,2020
Queenstown,Ghim Moh,45_to_49,900,2020
Queenstown,Ghim Moh,50_to_54,790,2020
Queenstown,Ghim Moh,55_to_59,870,2020
Queenstown,Ghim Moh,5_to_9,670,2020
Queenstown,Ghim Moh,60_to_64,830,2020
Queenstown,Ghim Moh,65_to_69,800,2020
Queenstown,Ghim Moh,70_to_74,910,2020
Queenstown,Ghim Moh,75_to_79,600,2020
Queenstown,Ghim Moh,80_to_84,460,2020
Queenstown,Ghim Moh,85_to_89,300,2020
Queenstown,Ghim Moh,90_and_over,140,2020
Queenstown,Holland Drive,0_to_4,360,2020
Queenstown,Holland Drive,10_to_14,360,2020
Queenstown,Holland Drive,15_to_19,480,2020
Queenstown,Holland Drive,20_to_24,530,2020
Queenstown,Holland Drive,25_to_29,800,2020
Queenstown,Holland Drive,30_to_34,820,2020
Queenstown,Holland Drive,35_to_39,740,2020
Queenstown,Holland Drive,40_to_44,910,2020
Queenstown,Holland Drive,45_to_49,1090,2020
Queenstown,Holland Drive,50_to_54,970,2020
Queenstown,Holland Drive,55_to_59,950,2020
Queenstown,Holland Drive,5_to_9,340,2020
Queenstown,Holland Drive,60_to_64,850,2020
Queenstown,Holland Drive,65_to_69,870,2020
Queenstown,Holland Drive,70_to_74,910,2020
Queenstown,Holland Drive,75_to_79,680,2020
Queenstown,Holland Drive,80_to_84,570,2020
Queenstown,Holland Drive,85_to_89,320,2020
Queenstown,Holland Drive,90_and_over,180,2020
Queenstown,Kent Ridge,0_to_4,0,2020
Queenstown,Kent Ridge,10_to_14,0,2020
Queenstown,Kent Ridge,15_to_19,0,2020
Queenstown,Kent Ridge,20_to_24,0,2020
Queenstown,Kent Ridge,25_to_29,0,2020
Queenstown,Kent Ridge,30_to_34,0,2020
Queenstown,Kent Ridge,35_to_39,0,2020
Queenstown,Kent Ridge,40_to_44,0,2020
Queenstown,Kent Ridge,45_to_49,0,2020
Queenstown,Kent Ridge,50_to_54,0,2020
Queenstown,Kent Ridge,55_to_59,0,2020
Queenstown,Kent Ridge,5_to_9,0,2020
Queenstown,Kent Ridge,60_to_64,0,2020
Queenstown,Kent Ridge,65_to_69,0,2020
Queenstown,Kent Ridge,70_to_74,0,2020
Queenstown,Kent Ridge,75_to_79,0,2020
Queenstown,Kent Ridge,80_to_84,0,2020
Queenstown,Kent Ridge,85_to_89,0,2020
Queenstown,Kent Ridge,90_and_over,0,2020
Queenstown,Margaret Drive,0_to_4,1110,2020
Queenstown,Margaret Drive,10_to_14,780,2020
Queenstown,Margaret Drive,15_to_19,570,2020
Queenstown,Margaret Drive,20_to_24,590,2020
Queenstown,Margaret Drive,25_to_29,860,2020
Queenstown,Margaret Drive,30_to_34,1280,2020
Queenstown,Margaret Drive,35_to_39,2000,2020
Queenstown,Margaret Drive,40_to_44,1570,2020
Queenstown,Margaret Drive,45_to_49,1120,2020
Queenstown,Margaret Drive,50_to_54,900,2020
Queenstown,Margaret Drive,55_to_59,840,2020
Queenstown,Margaret Drive,5_to_9,1200,2020
Queenstown,Margaret Drive,60_to_64,790,2020
Queenstown,Margaret Drive,65_to_69,730,2020
Queenstown,Margaret Drive,70_to_74,690,2020
Queenstown,Margaret Drive,75_to_79,400,2020
Queenstown,Margaret Drive,80_to_84,320,2020
Queenstown,Margaret Drive,85_to_89,210,2020
Queenstown,Margaret Drive,90_and_over,140,2020
Queenstown,Mei Chin,0_to_4,460,2020
Queenstown,Mei Chin,10_to_14,710,2020
Queenstown,Mei Chin,15_to_19,800,2020
Queenstown,Mei Chin,20_to_24,930,2020
Queenstown,Mei Chin,25_to_29,1130,2020
Queenstown,Mei Chin,30_to_34,950,2020
Queenstown,Mei Chin,35_to_39,890,2020
Queenstown,Mei Chin,40_to_44,980,2020
Queenstown,Mei Chin,45_to_49,1190,2020
Queenstown,Mei Chin,50_to_54,1250,2020
Queenstown,Mei Chin,55_to_59,1310,2020
Queenstown,Mei Chin,5_to_9,550,2020
Queenstown,Mei Chin,60_to_64,1260,2020
Queenstown,Mei Chin,65_to_69,1040,2020
Queenstown,Mei Chin,70_to_74,790,2020
Queenstown,Mei Chin,75_to_79,510,2020
Queenstown,Mei Chin,80_to_84,490,2020
Queenstown,Mei Chin,85_to_89,300,2020
Queenstown,Mei Chin,90_and_over,180,2020
Queenstown,National University Of S'pore,0_to_4,0,2020
Queenstown,National University Of S'pore,10_to_14,0,2020
Queenstown,National University Of S'pore,15_to_19,10,2020
Queenstown,National University Of S'pore,20_to_24,120,2020
Queenstown,National University Of S'pore,25_to_29,30,2020
Queenstown,National University Of S'pore,30_to_34,20,2020
Queenstown,National University Of S'pore,35_to_39,0,2020
Queenstown,National University Of S'pore,40_to_44,10,2020
Queenstown,National University Of S'pore,45_to_49,20,2020
Queenstown,National University Of S'pore,50_to_54,0,2020
Queenstown,National University Of S'pore,55_to_59,20,2020
Queenstown,National University Of S'pore,5_to_9,0,2020
Queenstown,National University Of S'pore,60_to_64,0,2020
Queenstown,National University Of S'pore,65_to_69,0,2020
Queenstown,National University Of S'pore,70_to_74,0,2020
Queenstown,National University Of S'pore,75_to_79,0,2020
Queenstown,National University Of S'pore,80_to_84,0,2020
Queenstown,National University Of S'pore,85_to_89,0,2020
Queenstown,National University Of S'pore,90_and_over,0,2020
Queenstown,One North,0_to_4,40,2020
Queenstown,One North,10_to_14,60,2020
Queenstown,One North,15_to_19,30,2020
Queenstown,One North,20_to_24,30,2020
Queenstown,One North,25_to_29,30,2020
Queenstown,One North,30_to_34,30,2020
Queenstown,One North,35_to_39,100,2020
Queenstown,One North,40_to_44,80,2020
Queenstown,One North,45_to_49,90,2020
Queenstown,One North,50_to_54,90,2020
Queenstown,One North,55_to_59,40,2020
Queenstown,One North,5_to_9,60,2020
Queenstown,One North,60_to_64,20,2020
Queenstown,One North,65_to_69,20,2020
Queenstown,One North,70_to_74,20,2020
Queenstown,One North,75_to_79,0,2020
Queenstown,One North,80_to_84,0,2020
Queenstown,One North,85_to_89,0,2020
Queenstown,One North,90_and_over,0,2020
Queenstown,Pasir Panjang 1,0_to_4,180,2020
Queenstown,Pasir Panjang 1,10_to_14,240,2020
Queenstown,Pasir Panjang 1,15_to_19,260,2020
Queenstown,Pasir Panjang 1,20_to_24,260,2020
Queenstown,Pasir Panjang 1,25_to_29,360,2020
Queenstown,Pasir Panjang 1,30_to_34,300,2020
Queenstown,Pasir Panjang 1,35_to_39,330,2020
Queenstown,Pasir Panjang 1,40_to_44,410,2020
Queenstown,Pasir Panjang 1,45_to_49,410,2020
Queenstown,Pasir Panjang 1,50_to_54,350,2020
Queenstown,Pasir Panjang 1,55_to_59,330,2020
Queenstown,Pasir Panjang 1,5_to_9,180,2020
Queenstown,Pasir Panjang 1,60_to_64,280,2020
Queenstown,Pasir Panjang 1,65_to_69,230,2020
Queenstown,Pasir Panjang 1,70_to_74,180,2020
Queenstown,Pasir Panjang 1,75_to_79,80,2020
Queenstown,Pasir Panjang 1,80_to_84,60,2020
Queenstown,Pasir Panjang 1,85_to_89,60,2020
Queenstown,Pasir Panjang 1,90_and_over,0,2020
Queenstown,Pasir Panjang 2,0_to_4,90,2020
Queenstown,Pasir Panjang 2,10_to_14,150,2020
Queenstown,Pasir Panjang 2,15_to_19,160,2020
Queenstown,Pasir Panjang 2,20_to_24,200,2020
Queenstown,Pasir Panjang 2,25_to_29,250,2020
Queenstown,Pasir Panjang 2,30_to_34,170,2020
Queenstown,Pasir Panjang 2,35_to_39,180,2020
Queenstown,Pasir Panjang 2,40_to_44,220,2020
Queenstown,Pasir Panjang 2,45_to_49,210,2020
Queenstown,Pasir Panjang 2,50_to_54,230,2020
Queenstown,Pasir Panjang 2,55_to_59,250,2020
Queenstown,Pasir Panjang 2,5_to_9,130,2020
Queenstown,Pasir Panjang 2,60_to_64,250,2020
Queenstown,Pasir Panjang 2,65_to_69,280,2020
Queenstown,Pasir Panjang 2,70_to_74,160,2020
Queenstown,Pasir Panjang 2,75_to_79,70,2020
Queenstown,Pasir Panjang 2,80_to_84,40,2020
Queenstown,Pasir Panjang 2,85_to_89,10,2020
Queenstown,Pasir Panjang 2,90_and_over,10,2020
Queenstown,Port,0_to_4,0,2020
Queenstown,Port,10_to_14,0,2020
Queenstown,Port,15_to_19,0,2020
Queenstown,Port,20_to_24,0,2020
Queenstown,Port,25_to_29,10,2020
Queenstown,Port,30_to_34,10,2020
Queenstown,Port,35_to_39,0,2020
Queenstown,Port,40_to_44,10,2020
Queenstown,Port,45_to_49,0,2020
Queenstown,Port,50_to_54,0,2020
Queenstown,Port,55_to_59,10,2020
Queenstown,Port,5_to_9,0,2020
Queenstown,Port,60_to_64,20,2020
Queenstown,Port,65_to_69,0,2020
Queenstown,Port,70_to_74,20,2020
Queenstown,Port,75_to_79,0,2020
Queenstown,Port,80_to_84,0,2020
Queenstown,Port,85_to_89,0,2020
Queenstown,Port,90_and_over,0,2020
Queenstown,Queensway,0_to_4,0,2020
Queenstown,Queensway,10_to_14,10,2020
Queenstown,Queensway,15_to_19,10,2020
Queenstown,Queensway,20_to_24,10,2020
Queenstown,Queensway,25_to_29,20,2020
Queenstown,Queensway,30_to_34,10,2020
Queenstown,Queensway,35_to_39,20,2020
Queenstown,Queensway,40_to_44,20,2020
Queenstown,Queensway,45_to_49,30,2020
Queenstown,Queensway,50_to_54,20,2020
Queenstown,Queensway,55_to_59,20,2020
Queenstown,Queensway,5_to_9,0,2020
Queenstown,Queensway,60_to_64,20,2020
Queenstown,Queensway,65_to_69,20,2020
Queenstown,Queensway,70_to_74,20,2020
Queenstown,Queensway,75_to_79,20,2020
Queenstown,Queensway,80_to_84,0,2020
Queenstown,Queensway,85_to_89,0,2020
Queenstown,Queensway,90_and_over,0,2020
Queenstown,Singapore Polytechnic,0_to_4,0,2020
Queenstown,Singapore Polytechnic,10_to_14,0,2020
Queenstown,Singapore Polytechnic,15_to_19,0,2020
Queenstown,Singapore Polytechnic,20_to_24,0,2020
Queenstown,Singapore Polytechnic,25_to_29,0,2020
Queenstown,Singapore Polytechnic,30_to_34,0,2020
Queenstown,Singapore Polytechnic,35_to_39,0,2020
Queenstown,Singapore Polytechnic,40_to_44,0,2020
Queenstown,Singapore Polytechnic,45_to_49,0,2020
Queenstown,Singapore Polytechnic,50_to_54,0,2020
Queenstown,Singapore Polytechnic,55_to_59,0,2020
Queenstown,Singapore Polytechnic,5_to_9,0,2020
Queenstown,Singapore Polytechnic,60_to_64,0,2020
Queenstown,Singapore Polytechnic,65_to_69,0,2020
Queenstown,Singapore Polytechnic,70_to_74,0,2020
Queenstown,Singapore Polytechnic,75_to_79,0,2020
Queenstown,Singapore Polytechnic,80_to_84,0,2020
Queenstown,Singapore Polytechnic,85_to_89,0,2020
Queenstown,Singapore Polytechnic,90_and_over,0,2020
Queenstown,Tanglin Halt,0_to_4,400,2020
Queenstown,Tanglin Halt,10_to_14,400,2020
Queenstown,Tanglin Halt,15_to_19,400,2020
Queenstown,Tanglin Halt,20_to_24,410,2020
Queenstown,Tanglin Halt,25_to_29,580,2020
Queenstown,Tanglin Halt,30_to_34,730,2020
Queenstown,Tanglin Halt,35_to_39,740,2020
Queenstown,Tanglin Halt,40_to_44,860,2020
Queenstown,Tanglin Halt,45_to_49,840,2020
Queenstown,Tanglin Halt,50_to_54,740,2020
Queenstown,Tanglin Halt,55_to_59,780,2020
Queenstown,Tanglin Halt,5_to_9,390,2020
Queenstown,Tanglin Halt,60_to_64,730,2020
Queenstown,Tanglin Halt,65_to_69,670,2020
Queenstown,Tanglin Halt,70_to_74,680,2020
Queenstown,Tanglin Halt,75_to_79,470,2020
Queenstown,Tanglin Halt,80_to_84,420,2020
Queenstown,Tanglin Halt,85_to_89,290,2020
Queenstown,Tanglin Halt,90_and_over,130,2020
River Valley,Institution Hill,0_to_4,200,2020
River Valley,Institution Hill,10_to_14,190,2020
River Valley,Institution Hill,15_to_19,140,2020
River Valley,Institution Hill,20_to_24,120,2020
River Valley,Institution Hill,25_to_29,130,2020
River Valley,Institution Hill,30_to_34,180,2020
River Valley,Institution Hill,35_to_39,340,2020
River Valley,Institution Hill,40_to_44,420,2020
River Valley,Institution Hill,45_to_49,350,2020
River Valley,Institution Hill,50_to_54,220,2020
River Valley,Institution Hill,55_to_59,140,2020
River Valley,Institution Hill,5_to_9,270,2020
River Valley,Institution Hill,60_to_64,120,2020
River Valley,Institution Hill,65_to_69,130,2020
River Valley,Institution Hill,70_to_74,110,2020
River Valley,Institution Hill,75_to_79,40,2020
River Valley,Institution Hill,80_to_84,30,2020
River Valley,Institution Hill,85_to_89,10,2020
River Valley,Institution Hill,90_and_over,0,2020
River Valley,Leonie Hill,0_to_4,120,2020
River Valley,Leonie Hill,10_to_14,180,2020
River Valley,Leonie Hill,15_to_19,180,2020
River Valley,Leonie Hill,20_to_24,130,2020
River Valley,Leonie Hill,25_to_29,170,2020
River Valley,Leonie Hill,30_to_34,190,2020
River Valley,Leonie Hill,35_to_39,230,2020
River Valley,Leonie Hill,40_to_44,310,2020
River Valley,Leonie Hill,45_to_49,390,2020
River Valley,Leonie Hill,50_to_54,300,2020
River Valley,Leonie Hill,55_to_59,210,2020
River Valley,Leonie Hill,5_to_9,160,2020
River Valley,Leonie Hill,60_to_64,190,2020
River Valley,Leonie Hill,65_to_69,130,2020
River Valley,Leonie Hill,70_to_74,110,2020
River Valley,Leonie Hill,75_to_79,50,2020
River Valley,Leonie Hill,80_to_84,30,2020
River Valley,Leonie Hill,85_to_89,20,2020
River Valley,Leonie Hill,90_and_over,10,2020
River Valley,One Tree Hill,0_to_4,80,2020
River Valley,One Tree Hill,10_to_14,110,2020
River Valley,One Tree Hill,15_to_19,130,2020
River Valley,One Tree Hill,20_to_24,110,2020
River Valley,One Tree Hill,25_to_29,120,2020
River Valley,One Tree Hill,30_to_34,110,2020
River Valley,One Tree Hill,35_to_39,140,2020
River Valley,One Tree Hill,40_to_44,150,2020
River Valley,One Tree Hill,45_to_49,190,2020
River Valley,One Tree Hill,50_to_54,220,2020
River Valley,One Tree Hill,55_to_59,170,2020
River Valley,One Tree Hill,5_to_9,90,2020
River Valley,One Tree Hill,60_to_64,150,2020
River Valley,One Tree Hill,65_to_69,110,2020
River Valley,One Tree Hill,70_to_74,100,2020
River Valley,One Tree Hill,75_to_79,70,2020
River Valley,One Tree Hill,80_to_84,40,2020
River Valley,One Tree Hill,85_to_89,30,2020
River Valley,One Tree Hill,90_and_over,10,2020
River Valley,Oxley,0_to_4,50,2020
River Valley,Oxley,10_to_14,70,2020
River Valley,Oxley,15_to_19,90,2020
River Valley,Oxley,20_to_24,40,2020
River Valley,Oxley,25_to_29,110,2020
River Valley,Oxley,30_to_34,110,2020
River Valley,Oxley,35_to_39,100,2020
River Valley,Oxley,40_to_44,140,2020
River Valley,Oxley,45_to_49,120,2020
River Valley,Oxley,50_to_54,120,2020
River Valley,Oxley,55_to_59,110,2020
River Valley,Oxley,5_to_9,70,2020
River Valley,Oxley,60_to_64,80,2020
River Valley,Oxley,65_to_69,60,2020
River Valley,Oxley,70_to_74,90,2020
River Valley,Oxley,75_to_79,50,2020
River Valley,Oxley,80_to_84,30,2020
River Valley,Oxley,85_to_89,10,2020
River Valley,Oxley,90_and_over,10,2020
River Valley,Paterson,0_to_4,20,2020
River Valley,Paterson,10_to_14,20,2020
River Valley,Paterson,15_to_19,20,2020
River Valley,Paterson,20_to_24,10,2020
River Valley,Paterson,25_to_29,0,2020
River Valley,Paterson,30_to_34,20,2020
River Valley,Paterson,35_to_39,20,2020
River Valley,Paterson,40_to_44,30,2020
River Valley,Paterson,45_to_49,20,2020
River Valley,Paterson,50_to_54,20,2020
River Valley,Paterson,55_to_59,20,2020
River Valley,Paterson,5_to_9,20,2020
River Valley,Paterson,60_to_64,20,2020
River Valley,Paterson,65_to_69,10,2020
River Valley,Paterson,70_to_74,0,2020
River Valley,Paterson,75_to_79,0,2020
River Valley,Paterson,80_to_84,0,2020
River Valley,Paterson,85_to_89,0,2020
River Valley,Paterson,90_and_over,0,2020
Rochor,Bencoolen,0_to_4,30,2020
Rochor,Bencoolen,10_to_14,40,2020
Rochor,Bencoolen,15_to_19,30,2020
Rochor,Bencoolen,20_to_24,50,2020
Rochor,Bencoolen,25_to_29,70,2020
Rochor,Bencoolen,30_to_34,100,2020
Rochor,Bencoolen,35_to_39,80,2020
Rochor,Bencoolen,40_to_44,100,2020
Rochor,Bencoolen,45_to_49,100,2020
Rochor,Bencoolen,50_to_54,120,2020
Rochor,Bencoolen,55_to_59,100,2020
Rochor,Bencoolen,5_to_9,30,2020
Rochor,Bencoolen,60_to_64,110,2020
Rochor,Bencoolen,65_to_69,100,2020
Rochor,Bencoolen,70_to_74,50,2020
Rochor,Bencoolen,75_to_79,40,2020
Rochor,Bencoolen,80_to_84,30,2020
Rochor,Bencoolen,85_to_89,20,2020
Rochor,Bencoolen,90_and_over,30,2020
Rochor,Farrer Park,0_to_4,80,2020
Rochor,Farrer Park,10_to_14,130,2020
Rochor,Farrer Park,15_to_19,110,2020
Rochor,Farrer Park,20_to_24,100,2020
Rochor,Farrer Park,25_to_29,140,2020
Rochor,Farrer Park,30_to_34,190,2020
Rochor,Farrer Park,35_to_39,210,2020
Rochor,Farrer Park,40_to_44,240,2020
Rochor,Farrer Park,45_to_49,240,2020
Rochor,Farrer Park,50_to_54,190,2020
Rochor,Farrer Park,55_to_59,180,2020
Rochor,Farrer Park,5_to_9,70,2020
Rochor,Farrer Park,60_to_64,200,2020
Rochor,Farrer Park,65_to_69,180,2020
Rochor,Farrer Park,70_to_74,150,2020
Rochor,Farrer Park,75_to_79,80,2020
Rochor,Farrer Park,80_to_84,40,2020
Rochor,Farrer Park,85_to_89,40,2020
Rochor,Farrer Park,90_and_over,30,2020
Rochor,Kampong Glam,0_to_4,0,2020
Rochor,Kampong Glam,10_to_14,0,2020
Rochor,Kampong Glam,15_to_19,0,2020
Rochor,Kampong Glam,20_to_24,0,2020
Rochor,Kampong Glam,25_to_29,0,2020
Rochor,Kampong Glam,30_to_34,10,2020
Rochor,Kampong Glam,35_to_39,0,2020
Rochor,Kampong Glam,40_to_44,10,2020
Rochor,Kampong Glam,45_to_49,10,2020
Rochor,Kampong Glam,50_to_54,0,2020
Rochor,Kampong Glam,55_to_59,0,2020
Rochor,Kampong Glam,5_to_9,0,2020
Rochor,Kampong Glam,60_to_64,0,2020
Rochor,Kampong Glam,65_to_69,10,2020
Rochor,Kampong Glam,70_to_74,0,2020
Rochor,Kampong Glam,75_to_79,0,2020
Rochor,Kampong Glam,80_to_84,0,2020
Rochor,Kampong Glam,85_to_89,10,2020
Rochor,Kampong Glam,90_and_over,20,2020
Rochor,Little India,0_to_4,80,2020
Rochor,Little India,10_to_14,100,2020
Rochor,Little India,15_to_19,130,2020
Rochor,Little India,20_to_24,170,2020
Rochor,Little India,25_to_29,210,2020
Rochor,Little India,30_to_34,200,2020
Rochor,Little India,35_to_39,190,2020
Rochor,Little India,40_to_44,220,2020
Rochor,Little India,45_to_49,260,2020
Rochor,Little India,50_to_54,240,2020
Rochor,Little India,55_to_59,250,2020
Rochor,Little India,5_to_9,80,2020
Rochor,Little India,60_to_64,280,2020
Rochor,Little India,65_to_69,250,2020
Rochor,Little India,70_to_74,230,2020
Rochor,Little India,75_to_79,140,2020
Rochor,Little India,80_to_84,110,2020
Rochor,Little India,85_to_89,60,2020
Rochor,Little India,90_and_over,60,2020
Rochor,Mackenzie,0_to_4,0,2020
Rochor,Mackenzie,10_to_14,0,2020
Rochor,Mackenzie,15_to_19,0,2020
Rochor,Mackenzie,20_to_24,0,2020
Rochor,Mackenzie,25_to_29,0,2020
Rochor,Mackenzie,30_to_34,20,2020
Rochor,Mackenzie,35_to_39,20,2020
Rochor,Mackenzie,40_to_44,20,2020
Rochor,Mackenzie,45_to_49,20,2020
Rochor,Mackenzie,50_to_54,10,2020
Rochor,Mackenzie,55_to_59,0,2020
Rochor,Mackenzie,5_to_9,10,2020
Rochor,Mackenzie,60_to_64,0,2020
Rochor,Mackenzie,65_to_69,0,2020
Rochor,Mackenzie,70_to_74,0,2020
Rochor,Mackenzie,75_to_79,0,2020
Rochor,Mackenzie,80_to_84,0,2020
Rochor,Mackenzie,85_to_89,0,2020
Rochor,Mackenzie,90_and_over,0,2020
Rochor,Mount Emily,0_to_4,90,2020
Rochor,Mount Emily,10_to_14,70,2020
Rochor,Mount Emily,15_to_19,50,2020
Rochor,Mount Emily,20_to_24,40,2020
Rochor,Mount Emily,25_to_29,80,2020
Rochor,Mount Emily,30_to_34,170,2020
Rochor,Mount Emily,35_to_39,230,2020
Rochor,Mount Emily,40_to_44,220,2020
Rochor,Mount Emily,45_to_49,200,2020
Rochor,Mount Emily,50_to_54,100,2020
Rochor,Mount Emily,55_to_59,70,2020
Rochor,Mount Emily,5_to_9,90,2020
Rochor,Mount Emily,60_to_64,60,2020
Rochor,Mount Emily,65_to_69,40,2020
Rochor,Mount Emily,70_to_74,20,2020
Rochor,Mount Emily,75_to_79,10,2020
Rochor,Mount Emily,80_to_84,0,2020
Rochor,Mount Emily,85_to_89,0,2020
Rochor,Mount Emily,90_and_over,10,2020
Rochor,Rochor Canal,0_to_4,0,2020
Rochor,Rochor Canal,10_to_14,0,2020
Rochor,Rochor Canal,15_to_19,0,2020
Rochor,Rochor Canal,20_to_24,0,2020
Rochor,Rochor Canal,25_to_29,0,2020
Rochor,Rochor Canal,30_to_34,0,2020
Rochor,Rochor Canal,35_to_39,0,2020
Rochor,Rochor Canal,40_to_44,0,2020
Rochor,Rochor Canal,45_to_49,0,2020
Rochor,Rochor Canal,50_to_54,0,2020
Rochor,Rochor Canal,55_to_59,0,2020
Rochor,Rochor Canal,5_to_9,0,2020
Rochor,Rochor Canal,60_to_64,0,2020
Rochor,Rochor Canal,65_to_69,0,2020
Rochor,Rochor Canal,70_to_74,0,2020
Rochor,Rochor Canal,75_to_79,0,2020
Rochor,Rochor Canal,80_to_84,0,2020
Rochor,Rochor Canal,85_to_89,0,2020
Rochor,Rochor Canal,90_and_over,0,2020
Rochor,Selegie,0_to_4,0,2020
Rochor,Selegie,10_to_14,0,2020
Rochor,Selegie,15_to_19,0,2020
Rochor,Selegie,20_to_24,20,2020
Rochor,Selegie,25_to_29,20,2020
Rochor,Selegie,30_to_34,10,2020
Rochor,Selegie,35_to_39,20,2020
Rochor,Selegie,40_to_44,20,2020
Rochor,Selegie,45_to_49,20,2020
Rochor,Selegie,50_to_54,20,2020
Rochor,Selegie,55_to_59,10,2020
Rochor,Selegie,5_to_9,0,2020
Rochor,Selegie,60_to_64,20,2020
Rochor,Selegie,65_to_69,20,2020
Rochor,Selegie,70_to_74,10,2020
Rochor,Selegie,75_to_79,10,2020
Rochor,Selegie,80_to_84,0,2020
Rochor,Selegie,85_to_89,0,2020
Rochor,Selegie,90_and_over,0,2020
Rochor,Sungei Road,0_to_4,60,2020
Rochor,Sungei Road,10_to_14,80,2020
Rochor,Sungei Road,15_to_19,110,2020
Rochor,Sungei Road,20_to_24,110,2020
Rochor,Sungei Road,25_to_29,110,2020
Rochor,Sungei Road,30_to_34,120,2020
Rochor,Sungei Road,35_to_39,110,2020
Rochor,Sungei Road,40_to_44,120,2020
Rochor,Sungei Road,45_to_49,130,2020
Rochor,Sungei Road,50_to_54,140,2020
Rochor,Sungei Road,55_to_59,170,2020
Rochor,Sungei Road,5_to_9,100,2020
Rochor,Sungei Road,60_to_64,160,2020
Rochor,Sungei Road,65_to_69,150,2020
Rochor,Sungei Road,70_to_74,150,2020
Rochor,Sungei Road,75_to_79,100,2020
Rochor,Sungei Road,80_to_84,70,2020
Rochor,Sungei Road,85_to_89,30,2020
Rochor,Sungei Road,90_and_over,10,2020
Rochor,Victoria,0_to_4,30,2020
Rochor,Victoria,10_to_14,30,2020
Rochor,Victoria,15_to_19,40,2020
Rochor,Victoria,20_to_24,60,2020
Rochor,Victoria,25_to_29,90,2020
Rochor,Victoria,30_to_34,130,2020
Rochor,Victoria,35_to_39,100,2020
Rochor,Victoria,40_to_44,130,2020
Rochor,Victoria,45_to_49,130,2020
Rochor,Victoria,50_to_54,120,2020
Rochor,Victoria,55_to_59,140,2020
Rochor,Victoria,5_to_9,30,2020
Rochor,Victoria,60_to_64,160,2020
Rochor,Victoria,65_to_69,130,2020
Rochor,Victoria,70_to_74,150,2020
Rochor,Victoria,75_to_79,90,2020
Rochor,Victoria,80_to_84,70,2020
Rochor,Victoria,85_to_89,30,2020
Rochor,Victoria,90_and_over,30,2020
Seletar,Pulau Punggol Barat,0_to_4,0,2020
Seletar,Pulau Punggol Barat,10_to_14,0,2020
Seletar,Pulau Punggol Barat,15_to_19,0,2020
Seletar,Pulau Punggol Barat,20_to_24,0,2020
Seletar,Pulau Punggol Barat,25_to_29,0,2020
Seletar,Pulau Punggol Barat,30_to_34,0,2020
Seletar,Pulau Punggol Barat,35_to_39,0,2020
Seletar,Pulau Punggol Barat,40_to_44,0,2020
Seletar,Pulau Punggol Barat,45_to_49,0,2020
Seletar,Pulau Punggol Barat,50_to_54,0,2020
Seletar,Pulau Punggol Barat,55_to_59,0,2020
Seletar,Pulau Punggol Barat,5_to_9,0,2020
Seletar,Pulau Punggol Barat,60_to_64,0,2020
Seletar,Pulau Punggol Barat,65_to_69,0,2020
Seletar,Pulau Punggol Barat,70_to_74,0,2020
Seletar,Pulau Punggol Barat,75_to_79,0,2020
Seletar,Pulau Punggol Barat,80_to_84,0,2020
Seletar,Pulau Punggol Barat,85_to_89,0,2020
Seletar,Pulau Punggol Barat,90_and_over,0,2020
Seletar,Pulau Punggol Timor,0_to_4,0,2020
Seletar,Pulau Punggol Timor,10_to_14,0,2020
Seletar,Pulau Punggol Timor,15_to_19,0,2020
Seletar,Pulau Punggol Timor,20_to_24,0,2020
Seletar,Pulau Punggol Timor,25_to_29,0,2020
Seletar,Pulau Punggol Timor,30_to_34,0,2020
Seletar,Pulau Punggol Timor,35_to_39,0,2020
Seletar,Pulau Punggol Timor,40_to_44,0,2020
Seletar,Pulau Punggol Timor,45_to_49,0,2020
Seletar,Pulau Punggol Timor,50_to_54,0,2020
Seletar,Pulau Punggol Timor,55_to_59,0,2020
Seletar,Pulau Punggol Timor,5_to_9,0,2020
Seletar,Pulau Punggol Timor,60_to_64,0,2020
Seletar,Pulau Punggol Timor,65_to_69,0,2020
Seletar,Pulau Punggol Timor,70_to_74,0,2020
Seletar,Pulau Punggol Timor,75_to_79,0,2020
Seletar,Pulau Punggol Timor,80_to_84,0,2020
Seletar,Pulau Punggol Timor,85_to_89,0,2020
Seletar,Pulau Punggol Timor,90_and_over,0,2020
Seletar,Seletar,0_to_4,10,2020
Seletar,Seletar,10_to_14,20,2020
Seletar,Seletar,15_to_19,20,2020
Seletar,Seletar,20_to_24,30,2020
Seletar,Seletar,25_to_29,0,2020
Seletar,Seletar,30_to_34,0,2020
Seletar,Seletar,35_to_39,10,2020
Seletar,Seletar,40_to_44,30,2020
Seletar,Seletar,45_to_49,40,2020
Seletar,Seletar,50_to_54,40,2020
Seletar,Seletar,55_to_59,20,2020
Seletar,Seletar,5_to_9,20,2020
Seletar,Seletar,60_to_64,10,2020
Seletar,Seletar,65_to_69,20,2020
Seletar,Seletar,70_to_74,10,2020
Seletar,Seletar,75_to_79,0,2020
Seletar,Seletar,80_to_84,0,2020
Seletar,Seletar,85_to_89,0,2020
Seletar,Seletar,90_and_over,0,2020
Seletar,Seletar Aerospace Park,0_to_4,0,2020
Seletar,Seletar Aerospace Park,10_to_14,0,2020
Seletar,Seletar Aerospace Park,15_to_19,0,2020
Seletar,Seletar Aerospace Park,20_to_24,0,2020
Seletar,Seletar Aerospace Park,25_to_29,0,2020
Seletar,Seletar Aerospace Park,30_to_34,0,2020
Seletar,Seletar Aerospace Park,35_to_39,0,2020
Seletar,Seletar Aerospace Park,40_to_44,0,2020
Seletar,Seletar Aerospace Park,45_to_49,0,2020
Seletar,Seletar Aerospace Park,50_to_54,0,2020
Seletar,Seletar Aerospace Park,55_to_59,0,2020
Seletar,Seletar Aerospace Park,5_to_9,0,2020
Seletar,Seletar Aerospace Park,60_to_64,0,2020
Seletar,Seletar Aerospace Park,65_to_69,0,2020
Seletar,Seletar Aerospace Park,70_to_74,0,2020
Seletar,Seletar Aerospace Park,75_to_79,0,2020
Seletar,Seletar Aerospace Park,80_to_84,0,2020
Seletar,Seletar Aerospace Park,85_to_89,0,2020
Seletar,Seletar Aerospace Park,90_and_over,0,2020
Sembawang,Admiralty,0_to_4,700,2020
Sembawang,Admiralty,10_to_14,980,2020
Sembawang,Admiralty,15_to_19,880,2020
Sembawang,Admiralty,20_to_24,800,2020
Sembawang,Admiralty,25_to_29,830,2020
Sembawang,Admiralty,30_to_34,990,2020
Sembawang,Admiralty,35_to_39,1210,2020
Sembawang,Admiralty,40_to_44,1230,2020
Sembawang,Admiralty,45_to_49,1310,2020
Sembawang,Admiralty,50_to_54,970,2020
Sembawang,Admiralty,55_to_59,920,2020
Sembawang,Admiralty,5_to_9,860,2020
Sembawang,Admiralty,60_to_64,820,2020
Sembawang,Admiralty,65_to_69,560,2020
Sembawang,Admiralty,70_to_74,370,2020
Sembawang,Admiralty,75_to_79,240,2020
Sembawang,Admiralty,80_to_84,160,2020
Sembawang,Admiralty,85_to_89,100,2020
Sembawang,Admiralty,90_and_over,30,2020
Sembawang,Sembawang Central,0_to_4,1850,2020
Sembawang,Sembawang Central,10_to_14,2110,2020
Sembawang,Sembawang Central,15_to_19,2200,2020
Sembawang,Sembawang Central,20_to_24,2250,2020
Sembawang,Sembawang Central,25_to_29,2570,2020
Sembawang,Sembawang Central,30_to_34,2810,2020
Sembawang,Sembawang Central,35_to_39,2800,2020
Sembawang,Sembawang Central,40_to_44,2840,2020
Sembawang,Sembawang Central,45_to_49,3100,2020
Sembawang,Sembawang Central,50_to_54,2600,2020
Sembawang,Sembawang Central,55_to_59,2510,2020
Sembawang,Sembawang Central,5_to_9,1940,2020
Sembawang,Sembawang Central,60_to_64,2130,2020
Sembawang,Sembawang Central,65_to_69,1360,2020
Sembawang,Sembawang Central,70_to_74,780,2020
Sembawang,Sembawang Central,75_to_79,450,2020
Sembawang,Sembawang Central,80_to_84,330,2020
Sembawang,Sembawang Central,85_to_89,190,2020
Sembawang,Sembawang Central,90_and_over,80,2020
Sembawang,Sembawang East,0_to_4,2090,2020
Sembawang,Sembawang East,10_to_14,800,2020
Sembawang,Sembawang East,15_to_19,790,2020
Sembawang,Sembawang East,20_to_24,780,2020
Sembawang,Sembawang East,25_to_29,2090,2020
Sembawang,Sembawang East,30_to_34,2700,2020
Sembawang,Sembawang East,35_to_39,1470,2020
Sembawang,Sembawang East,40_to_44,1280,2020
Sembawang,Sembawang East,45_to_49,1200,2020
Sembawang,Sembawang East,50_to_54,1000,2020
Sembawang,Sembawang East,55_to_59,850,2020
Sembawang,Sembawang East,5_to_9,850,2020
Sembawang,Sembawang East,60_to_64,530,2020
Sembawang,Sembawang East,65_to_69,410,2020
Sembawang,Sembawang East,70_to_74,270,2020
Sembawang,Sembawang East,75_to_79,160,2020
Sembawang,Sembawang East,80_to_84,70,2020
Sembawang,Sembawang East,85_to_89,40,2020
Sembawang,Sembawang East,90_and_over,0,2020
Sembawang,Sembawang North,0_to_4,1080,2020
Sembawang,Sembawang North,10_to_14,1770,2020
Sembawang,Sembawang North,15_to_19,1810,2020
Sembawang,Sembawang North,20_to_24,1590,2020
Sembawang,Sembawang North,25_to_29,1530,2020
Sembawang,Sembawang North,30_to_34,1610,2020
Sembawang,Sembawang North,35_to_39,2130,2020
Sembawang,Sembawang North,40_to_44,2270,2020
Sembawang,Sembawang North,45_to_49,2380,2020
Sembawang,Sembawang North,50_to_54,1930,2020
Sembawang,Sembawang North,55_to_59,1800,2020
Sembawang,Sembawang North,5_to_9,1530,2020
Sembawang,Sembawang North,60_to_64,1600,2020
Sembawang,Sembawang North,65_to_69,1110,2020
Sembawang,Sembawang North,70_to_74,670,2020
Sembawang,Sembawang North,75_to_79,330,2020
Sembawang,Sembawang North,80_to_84,230,2020
Sembawang,Sembawang North,85_to_89,110,2020
Sembawang,Sembawang North,90_and_over,50,2020
Sembawang,Sembawang Springs,0_to_4,570,2020
Sembawang,Sembawang Springs,10_to_14,640,2020
Sembawang,Sembawang Springs,15_to_19,580,2020
Sembawang,Sembawang Springs,20_to_24,460,2020
Sembawang,Sembawang Springs,25_to_29,540,2020
Sembawang,Sembawang Springs,30_to_34,940,2020
Sembawang,Sembawang Springs,35_to_39,880,2020
Sembawang,Sembawang Springs,40_to_44,860,2020
Sembawang,Sembawang Springs,45_to_49,820,2020
Sembawang,Sembawang Springs,50_to_54,640,2020
Sembawang,Sembawang Springs,55_to_59,460,2020
Sembawang,Sembawang Springs,5_to_9,560,2020
Sembawang,Sembawang Springs,60_to_64,330,2020
Sembawang,Sembawang Springs,65_to_69,280,2020
Sembawang,Sembawang Springs,70_to_74,210,2020
Sembawang,Sembawang Springs,75_to_79,140,2020
Sembawang,Sembawang Springs,80_to_84,110,2020
Sembawang,Sembawang Springs,85_to_89,80,2020
Sembawang,Sembawang Springs,90_and_over,50,2020
Sembawang,Sembawang Straits,0_to_4,70,2020
Sembawang,Sembawang Straits,10_to_14,120,2020
Sembawang,Sembawang Straits,15_to_19,140,2020
Sembawang,Sembawang Straits,20_to_24,160,2020
Sembawang,Sembawang Straits,25_to_29,140,2020
Sembawang,Sembawang Straits,30_to_34,100,2020
Sembawang,Sembawang Straits,35_to_39,110,2020
Sembawang,Sembawang Straits,40_to_44,140,2020
Sembawang,Sembawang Straits,45_to_49,160,2020
Sembawang,Sembawang Straits,50_to_54,160,2020
Sembawang,Sembawang Straits,55_to_59,180,2020
Sembawang,Sembawang Straits,5_to_9,100,2020
Sembawang,Sembawang Straits,60_to_64,120,2020
Sembawang,Sembawang Straits,65_to_69,70,2020
Sembawang,Sembawang Straits,70_to_74,70,2020
Sembawang,Sembawang Straits,75_to_79,40,2020
Sembawang,Sembawang Straits,80_to_84,20,2020
Sembawang,Sembawang Straits,85_to_89,20,2020
Sembawang,Sembawang Straits,90_and_over,0,2020
Sembawang,Senoko North,0_to_4,0,2020
Sembawang,Senoko North,10_to_14,0,2020
Sembawang,Senoko North,15_to_19,0,2020
Sembawang,Senoko North,20_to_24,0,2020
Sembawang,Senoko North,25_to_29,0,2020
Sembawang,Senoko North,30_to_34,0,2020
Sembawang,Senoko North,35_to_39,0,2020
Sembawang,Senoko North,40_to_44,0,2020
Sembawang,Senoko North,45_to_49,0,2020
Sembawang,Senoko North,50_to_54,0,2020
Sembawang,Senoko North,55_to_59,0,2020
Sembawang,Senoko North,5_to_9,0,2020
Sembawang,Senoko North,60_to_64,0,2020
Sembawang,Senoko North,65_to_69,0,2020
Sembawang,Senoko North,70_to_74,0,2020
Sembawang,Senoko North,75_to_79,0,2020
Sembawang,Senoko North,80_to_84,0,2020
Sembawang,Senoko North,85_to_89,0,2020
Sembawang,Senoko North,90_and_over,0,2020
Sembawang,Senoko South,0_to_4,0,2020
Sembawang,Senoko South,10_to_14,0,2020
Sembawang,Senoko South,15_to_19,0,2020
Sembawang,Senoko South,20_to_24,0,2020
Sembawang,Senoko South,25_to_29,0,2020
Sembawang,Senoko South,30_to_34,0,2020
Sembawang,Senoko South,35_to_39,0,2020
Sembawang,Senoko South,40_to_44,0,2020
Sembawang,Senoko South,45_to_49,0,2020
Sembawang,Senoko South,50_to_54,0,2020
Sembawang,Senoko South,55_to_59,0,2020
Sembawang,Senoko South,5_to_9,0,2020
Sembawang,Senoko South,60_to_64,0,2020
Sembawang,Senoko South,65_to_69,0,2020
Sembawang,Senoko South,70_to_74,0,2020
Sembawang,Senoko South,75_to_79,0,2020
Sembawang,Senoko South,80_to_84,0,2020
Sembawang,Senoko South,85_to_89,0,2020
Sembawang,Senoko South,90_and_over,0,2020
Sembawang,The Wharves,0_to_4,0,2020
Sembawang,The Wharves,10_to_14,0,2020
Sembawang,The Wharves,15_to_19,0,2020
Sembawang,The Wharves,20_to_24,0,2020
Sembawang,The Wharves,25_to_29,0,2020
Sembawang,The Wharves,30_to_34,0,2020
Sembawang,The Wharves,35_to_39,0,2020
Sembawang,The Wharves,40_to_44,0,2020
Sembawang,The Wharves,45_to_49,0,2020
Sembawang,The Wharves,50_to_54,0,2020
Sembawang,The Wharves,55_to_59,0,2020
Sembawang,The Wharves,5_to_9,0,2020
Sembawang,The Wharves,60_to_64,0,2020
Sembawang,The Wharves,65_to_69,0,2020
Sembawang,The Wharves,70_to_74,0,2020
Sembawang,The Wharves,75_to_79,0,2020
Sembawang,The Wharves,80_to_84,0,2020
Sembawang,The Wharves,85_to_89,0,2020
Sembawang,The Wharves,90_and_over,0,2020
Sengkang,Anchorvale,0_to_4,3800,2020
Sengkang,Anchorvale,10_to_14,3290,2020
Sengkang,Anchorvale,15_to_19,2620,2020
Sengkang,Anchorvale,20_to_24,2040,2020
Sengkang,Anchorvale,25_to_29,2470,2020
Sengkang,Anchorvale,30_to_34,4700,2020
Sengkang,Anchorvale,35_to_39,5250,2020
Sengkang,Anchorvale,40_to_44,4520,2020
Sengkang,Anchorvale,45_to_49,4160,2020
Sengkang,Anchorvale,50_to_54,2670,2020
Sengkang,Anchorvale,55_to_59,2380,2020
Sengkang,Anchorvale,5_to_9,3840,2020
Sengkang,Anchorvale,60_to_64,2280,2020
Sengkang,Anchorvale,65_to_69,1740,2020
Sengkang,Anchorvale,70_to_74,1210,2020
Sengkang,Anchorvale,75_to_79,630,2020
Sengkang,Anchorvale,80_to_84,340,2020
Sengkang,Anchorvale,85_to_89,150,2020
Sengkang,Anchorvale,90_and_over,90,2020
Sengkang,Compassvale,0_to_4,1670,2020
Sengkang,Compassvale,10_to_14,1450,2020
Sengkang,Compassvale,15_to_19,920,2020
Sengkang,Compassvale,20_to_24,620,2020
Sengkang,Compassvale,25_to_29,1010,2020
Sengkang,Compassvale,30_to_34,1980,2020
Sengkang,Compassvale,35_to_39,2760,2020
Sengkang,Compassvale,40_to_44,2600,2020
Sengkang,Compassvale,45_to_49,1640,2020
Sengkang,Compassvale,50_to_54,970,2020
Sengkang,Compassvale,55_to_59,900,2020
Sengkang,Compassvale,5_to_9,1830,2020
Sengkang,Compassvale,60_to_64,830,2020
Sengkang,Compassvale,65_to_69,740,2020
Sengkang,Compassvale,70_to_74,530,2020
Sengkang,Compassvale,75_to_79,290,2020
Sengkang,Compassvale,80_to_84,190,2020
Sengkang,Compassvale,85_to_89,60,2020
Sengkang,Compassvale,90_and_over,30,2020
Sengkang,Fernvale,0_to_4,4850,2020
Sengkang,Fernvale,10_to_14,3970,2020
Sengkang,Fernvale,15_to_19,2780,2020
Sengkang,Fernvale,20_to_24,2390,2020
Sengkang,Fernvale,25_to_29,2650,2020
Sengkang,Fernvale,30_to_34,5430,2020
Sengkang,Fernvale,35_to_39,7290,2020
Sengkang,Fernvale,40_to_44,6050,2020
Sengkang,Fernvale,45_to_49,4580,2020
Sengkang,Fernvale,50_to_54,3340,2020
Sengkang,Fernvale,55_to_59,2810,2020
Sengkang,Fernvale,5_to_9,5280,2020
Sengkang,Fernvale,60_to_64,2390,2020
Sengkang,Fernvale,65_to_69,1920,2020
Sengkang,Fernvale,70_to_74,1420,2020
Sengkang,Fernvale,75_to_79,760,2020
Sengkang,Fernvale,80_to_84,490,2020
Sengkang,Fernvale,85_to_89,290,2020
Sengkang,Fernvale,90_and_over,150,2020
Sengkang,Lorong Halus North,0_to_4,0,2020
Sengkang,Lorong Halus North,10_to_14,0,2020
Sengkang,Lorong Halus North,15_to_19,0,2020
Sengkang,Lorong Halus North,20_to_24,0,2020
Sengkang,Lorong Halus North,25_to_29,0,2020
Sengkang,Lorong Halus North,30_to_34,0,2020
Sengkang,Lorong Halus North,35_to_39,0,2020
Sengkang,Lorong Halus North,40_to_44,0,2020
Sengkang,Lorong Halus North,45_to_49,0,2020
Sengkang,Lorong Halus North,50_to_54,0,2020
Sengkang,Lorong Halus North,55_to_59,0,2020
Sengkang,Lorong Halus North,5_to_9,0,2020
Sengkang,Lorong Halus North,60_to_64,0,2020
Sengkang,Lorong Halus North,65_to_69,0,2020
Sengkang,Lorong Halus North,70_to_74,0,2020
Sengkang,Lorong Halus North,75_to_79,0,2020
Sengkang,Lorong Halus North,80_to_84,0,2020
Sengkang,Lorong Halus North,85_to_89,0,2020
Sengkang,Lorong Halus North,90_and_over,0,2020
Sengkang,Rivervale,0_to_4,2500,2020
Sengkang,Rivervale,10_to_14,3680,2020
Sengkang,Rivervale,15_to_19,3840,2020
Sengkang,Rivervale,20_to_24,4160,2020
Sengkang,Rivervale,25_to_29,4100,2020
Sengkang,Rivervale,30_to_34,4030,2020
Sengkang,Rivervale,35_to_39,4290,2020
Sengkang,Rivervale,40_to_44,4530,2020
Sengkang,Rivervale,45_to_49,5200,2020
Sengkang,Rivervale,50_to_54,4530,2020
Sengkang,Rivervale,55_to_59,4640,2020
Sengkang,Rivervale,5_to_9,3050,2020
Sengkang,Rivervale,60_to_64,4230,2020
Sengkang,Rivervale,65_to_69,3040,2020
Sengkang,Rivervale,70_to_74,1970,2020
Sengkang,Rivervale,75_to_79,890,2020
Sengkang,Rivervale,80_to_84,570,2020
Sengkang,Rivervale,85_to_89,320,2020
Sengkang,Rivervale,90_and_over,180,2020
Sengkang,Sengkang Town Centre,0_to_4,3570,2020
Sengkang,Sengkang Town Centre,10_to_14,3560,2020
Sengkang,Sengkang Town Centre,15_to_19,3510,2020
Sengkang,Sengkang Town Centre,20_to_24,3950,2020
Sengkang,Sengkang Town Centre,25_to_29,4120,2020
Sengkang,Sengkang Town Centre,30_to_34,5370,2020
Sengkang,Sengkang Town Centre,35_to_39,5520,2020
Sengkang,Sengkang Town Centre,40_to_44,4920,2020
Sengkang,Sengkang Town Centre,45_to_49,4800,2020
Sengkang,Sengkang Town Centre,50_to_54,4460,2020
Sengkang,Sengkang Town Centre,55_to_59,4260,2020
Sengkang,Sengkang Town Centre,5_to_9,3600,2020
Sengkang,Sengkang Town Centre,60_to_64,3900,2020
Sengkang,Sengkang Town Centre,65_to_69,2660,2020
Sengkang,Sengkang Town Centre,70_to_74,1700,2020
Sengkang,Sengkang Town Centre,75_to_79,880,2020
Sengkang,Sengkang Town Centre,80_to_84,600,2020
Sengkang,Sengkang Town Centre,85_to_89,300,2020
Sengkang,Sengkang Town Centre,90_and_over,200,2020
Sengkang,Sengkang West,0_to_4,0,2020
Sengkang,Sengkang West,10_to_14,0,2020
Sengkang,Sengkang West,15_to_19,0,2020
Sengkang,Sengkang West,20_to_24,0,2020
Sengkang,Sengkang West,25_to_29,0,2020
Sengkang,Sengkang West,30_to_34,0,2020
Sengkang,Sengkang West,35_to_39,0,2020
Sengkang,Sengkang West,40_to_44,0,2020
Sengkang,Sengkang West,45_to_49,0,2020
Sengkang,Sengkang West,50_to_54,0,2020
Sengkang,Sengkang West,55_to_59,0,2020
Sengkang,Sengkang West,5_to_9,0,2020
Sengkang,Sengkang West,60_to_64,0,2020
Sengkang,Sengkang West,65_to_69,0,2020
Sengkang,Sengkang West,70_to_74,0,2020
Sengkang,Sengkang West,75_to_79,0,2020
Sengkang,Sengkang West,80_to_84,0,2020
Sengkang,Sengkang West,85_to_89,0,2020
Sengkang,Sengkang West,90_and_over,0,2020
Serangoon,Lorong Chuan,0_to_4,280,2020
Serangoon,Lorong Chuan,10_to_14,470,2020
Serangoon,Lorong Chuan,15_to_19,570,2020
Serangoon,Lorong Chuan,20_to_24,600,2020
Serangoon,Lorong Chuan,25_to_29,640,2020
Serangoon,Lorong Chuan,30_to_34,490,2020
Serangoon,Lorong Chuan,35_to_39,460,2020
Serangoon,Lorong Chuan,40_to_44,540,2020
Serangoon,Lorong Chuan,45_to_49,660,2020
Serangoon,Lorong Chuan,50_to_54,710,2020
Serangoon,Lorong Chuan,55_to_59,730,2020
Serangoon,Lorong Chuan,5_to_9,400,2020
Serangoon,Lorong Chuan,60_to_64,630,2020
Serangoon,Lorong Chuan,65_to_69,460,2020
Serangoon,Lorong Chuan,70_to_74,330,2020
Serangoon,Lorong Chuan,75_to_79,170,2020
Serangoon,Lorong Chuan,80_to_84,170,2020
Serangoon,Lorong Chuan,85_to_89,100,2020
Serangoon,Lorong Chuan,90_and_over,80,2020
Serangoon,Seletar Hills,0_to_4,460,2020
Serangoon,Seletar Hills,10_to_14,760,2020
Serangoon,Seletar Hills,15_to_19,880,2020
Serangoon,Seletar Hills,20_to_24,1100,2020
Serangoon,Seletar Hills,25_to_29,1140,2020
Serangoon,Seletar Hills,30_to_34,860,2020
Serangoon,Seletar Hills,35_to_39,730,2020
Serangoon,Seletar Hills,40_to_44,870,2020
Serangoon,Seletar Hills,45_to_49,1100,2020
Serangoon,Seletar Hills,50_to_54,1100,2020
Serangoon,Seletar Hills,55_to_59,1210,2020
Serangoon,Seletar Hills,5_to_9,630,2020
Serangoon,Seletar Hills,60_to_64,1150,2020
Serangoon,Seletar Hills,65_to_69,970,2020
Serangoon,Seletar Hills,70_to_74,750,2020
Serangoon,Seletar Hills,75_to_79,430,2020
Serangoon,Seletar Hills,80_to_84,320,2020
Serangoon,Seletar Hills,85_to_89,170,2020
Serangoon,Seletar Hills,90_and_over,80,2020
Serangoon,Serangoon Central,0_to_4,710,2020
Serangoon,Serangoon Central,10_to_14,880,2020
Serangoon,Serangoon Central,15_to_19,1190,2020
Serangoon,Serangoon Central,20_to_24,1400,2020
Serangoon,Serangoon Central,25_to_29,2010,2020
Serangoon,Serangoon Central,30_to_34,1940,2020
Serangoon,Serangoon Central,35_to_39,1630,2020
Serangoon,Serangoon Central,40_to_44,1450,2020
Serangoon,Serangoon Central,45_to_49,1710,2020
Serangoon,Serangoon Central,50_to_54,1670,2020
Serangoon,Serangoon Central,55_to_59,1970,2020
Serangoon,Serangoon Central,5_to_9,790,2020
Serangoon,Serangoon Central,60_to_64,2340,2020
Serangoon,Serangoon Central,65_to_69,1990,2020
Serangoon,Serangoon Central,70_to_74,1420,2020
Serangoon,Serangoon Central,75_to_79,710,2020
Serangoon,Serangoon Central,80_to_84,530,2020
Serangoon,Serangoon Central,85_to_89,270,2020
Serangoon,Serangoon Central,90_and_over,160,2020
Serangoon,Serangoon Garden,0_to_4,1040,2020
Serangoon,Serangoon Garden,10_to_14,1540,2020
Serangoon,Serangoon Garden,15_to_19,1810,2020
Serangoon,Serangoon Garden,20_to_24,2230,2020
Serangoon,Serangoon Garden,25_to_29,2670,2020
Serangoon,Serangoon Garden,30_to_34,2310,2020
Serangoon,Serangoon Garden,35_to_39,1960,2020
Serangoon,Serangoon Garden,40_to_44,2190,2020
Serangoon,Serangoon Garden,45_to_49,2520,2020
Serangoon,Serangoon Garden,50_to_54,2520,2020
Serangoon,Serangoon Garden,55_to_59,2840,2020
Serangoon,Serangoon Garden,5_to_9,1170,2020
Serangoon,Serangoon Garden,60_to_64,3250,2020
Serangoon,Serangoon Garden,65_to_69,2890,2020
Serangoon,Serangoon Garden,70_to_74,2210,2020
Serangoon,Serangoon Garden,75_to_79,1210,2020
Serangoon,Serangoon Garden,80_to_84,930,2020
Serangoon,Serangoon Garden,85_to_89,580,2020
Serangoon,Serangoon Garden,90_and_over,360,2020
Serangoon,Serangoon North,0_to_4,480,2020
Serangoon,Serangoon North,10_to_14,810,2020
Serangoon,Serangoon North,15_to_19,940,2020
Serangoon,Serangoon North,20_to_24,1260,2020
Serangoon,Serangoon North,25_to_29,1450,2020
Serangoon,Serangoon North,30_to_34,1020,2020
Serangoon,Serangoon North,35_to_39,940,2020
Serangoon,Serangoon North,40_to_44,1000,2020
Serangoon,Serangoon North,45_to_49,1060,2020
Serangoon,Serangoon North,50_to_54,1280,2020
Serangoon,Serangoon North,55_to_59,1470,2020
Serangoon,Serangoon North,5_to_9,610,2020
Serangoon,Serangoon North,60_to_64,1350,2020
Serangoon,Serangoon North,65_to_69,1000,2020
Serangoon,Serangoon North,70_to_74,610,2020
Serangoon,Serangoon North,75_to_79,290,2020
Serangoon,Serangoon North,80_to_84,210,2020
Serangoon,Serangoon North,85_to_89,110,2020
Serangoon,Serangoon North,90_and_over,40,2020
Serangoon,Serangoon North Ind Estate,0_to_4,0,2020
Serangoon,Serangoon North Ind Estate,10_to_14,0,2020
Serangoon,Serangoon North Ind Estate,15_to_19,0,2020
Serangoon,Serangoon North Ind Estate,20_to_24,0,2020
Serangoon,Serangoon North Ind Estate,25_to_29,0,2020
Serangoon,Serangoon North Ind Estate,30_to_34,0,2020
Serangoon,Serangoon North Ind Estate,35_to_39,0,2020
Serangoon,Serangoon North Ind Estate,40_to_44,0,2020
Serangoon,Serangoon North Ind Estate,45_to_49,0,2020
Serangoon,Serangoon North Ind Estate,50_to_54,0,2020
Serangoon,Serangoon North Ind Estate,55_to_59,0,2020
Serangoon,Serangoon North Ind Estate,5_to_9,0,2020
Serangoon,Serangoon North Ind Estate,60_to_64,0,2020
Serangoon,Serangoon North Ind Estate,65_to_69,0,2020
Serangoon,Serangoon North Ind Estate,70_to_74,0,2020
Serangoon,Serangoon North Ind Estate,75_to_79,0,2020
Serangoon,Serangoon North Ind Estate,80_to_84,0,2020
Serangoon,Serangoon North Ind Estate,85_to_89,0,2020
Serangoon,Serangoon North Ind Estate,90_and_over,0,2020
Serangoon,Upper Paya Lebar,0_to_4,600,2020
Serangoon,Upper Paya Lebar,10_to_14,730,2020
Serangoon,Upper Paya Lebar,15_to_19,790,2020
Serangoon,Upper Paya Lebar,20_to_24,890,2020
Serangoon,Upper Paya Lebar,25_to_29,1450,2020
Serangoon,Upper Paya Lebar,30_to_34,1420,2020
Serangoon,Upper Paya Lebar,35_to_39,1220,2020
Serangoon,Upper Paya Lebar,40_to_44,1210,2020
Serangoon,Upper Paya Lebar,45_to_49,1170,2020
Serangoon,Upper Paya Lebar,50_to_54,1110,2020
Serangoon,Upper Paya Lebar,55_to_59,1200,2020
Serangoon,Upper Paya Lebar,5_to_9,780,2020
Serangoon,Upper Paya Lebar,60_to_64,1410,2020
Serangoon,Upper Paya Lebar,65_to_69,1090,2020
Serangoon,Upper Paya Lebar,70_to_74,870,2020
Serangoon,Upper Paya Lebar,75_to_79,440,2020
Serangoon,Upper Paya Lebar,80_to_84,310,2020
Serangoon,Upper Paya Lebar,85_to_89,170,2020
Serangoon,Upper Paya Lebar,90_and_over,80,2020
Simpang,Pulau Seletar,0_to_4,0,2020
Simpang,Pulau Seletar,10_to_14,0,2020
Simpang,Pulau Seletar,15_to_19,0,2020
Simpang,Pulau Seletar,20_to_24,0,2020
Simpang,Pulau Seletar,25_to_29,0,2020
Simpang,Pulau Seletar,30_to_34,0,2020
Simpang,Pulau Seletar,35_to_39,0,2020
Simpang,Pulau Seletar,40_to_44,0,2020
Simpang,Pulau Seletar,45_to_49,0,2020
Simpang,Pulau Seletar,50_to_54,0,2020
Simpang,Pulau Seletar,55_to_59,0,2020
Simpang,Pulau Seletar,5_to_9,0,2020
Simpang,Pulau Seletar,60_to_64,0,2020
Simpang,Pulau Seletar,65_to_69,0,2020
Simpang,Pulau Seletar,70_to_74,0,2020
Simpang,Pulau Seletar,75_to_79,0,2020
Simpang,Pulau Seletar,80_to_84,0,2020
Simpang,Pulau Seletar,85_to_89,0,2020
Simpang,Pulau Seletar,90_and_over,0,2020
Simpang,Simpang North,0_to_4,0,2020
Simpang,Simpang North,10_to_14,0,2020
Simpang,Simpang North,15_to_19,0,2020
Simpang,Simpang North,20_to_24,0,2020
Simpang,Simpang North,25_to_29,0,2020
Simpang,Simpang North,30_to_34,0,2020
Simpang,Simpang North,35_to_39,0,2020
Simpang,Simpang North,40_to_44,0,2020
Simpang,Simpang North,45_to_49,0,2020
Simpang,Simpang North,50_to_54,0,2020
Simpang,Simpang North,55_to_59,0,2020
Simpang,Simpang North,5_to_9,0,2020
Simpang,Simpang North,60_to_64,0,2020
Simpang,Simpang North,65_to_69,0,2020
Simpang,Simpang North,70_to_74,0,2020
Simpang,Simpang North,75_to_79,0,2020
Simpang,Simpang North,80_to_84,0,2020
Simpang,Simpang North,85_to_89,0,2020
Simpang,Simpang North,90_and_over,0,2020
Simpang,Simpang South,0_to_4,0,2020
Simpang,Simpang South,10_to_14,0,2020
Simpang,Simpang South,15_to_19,0,2020
Simpang,Simpang South,20_to_24,0,2020
Simpang,Simpang South,25_to_29,0,2020
Simpang,Simpang South,30_to_34,0,2020
Simpang,Simpang South,35_to_39,0,2020
Simpang,Simpang South,40_to_44,0,2020
Simpang,Simpang South,45_to_49,0,2020
Simpang,Simpang South,50_to_54,0,2020
Simpang,Simpang South,55_to_59,0,2020
Simpang,Simpang South,5_to_9,0,2020
Simpang,Simpang South,60_to_64,0,2020
Simpang,Simpang South,65_to_69,0,2020
Simpang,Simpang South,70_to_74,0,2020
Simpang,Simpang South,75_to_79,0,2020
Simpang,Simpang South,80_to_84,0,2020
Simpang,Simpang South,85_to_89,0,2020
Simpang,Simpang South,90_and_over,0,2020
Simpang,Tanjong Irau,0_to_4,0,2020
Simpang,Tanjong Irau,10_to_14,0,2020
Simpang,Tanjong Irau,15_to_19,0,2020
Simpang,Tanjong Irau,20_to_24,0,2020
Simpang,Tanjong Irau,25_to_29,0,2020
Simpang,Tanjong Irau,30_to_34,0,2020
Simpang,Tanjong Irau,35_to_39,0,2020
Simpang,Tanjong Irau,40_to_44,0,2020
Simpang,Tanjong Irau,45_to_49,0,2020
Simpang,Tanjong Irau,50_to_54,0,2020
Simpang,Tanjong Irau,55_to_59,0,2020
Simpang,Tanjong Irau,5_to_9,0,2020
Simpang,Tanjong Irau,60_to_64,0,2020
Simpang,Tanjong Irau,65_to_69,0,2020
Simpang,Tanjong Irau,70_to_74,0,2020
Simpang,Tanjong Irau,75_to_79,0,2020
Simpang,Tanjong Irau,80_to_84,0,2020
Simpang,Tanjong Irau,85_to_89,0,2020
Simpang,Tanjong Irau,90_and_over,0,2020
Singapore River,Boat Quay,0_to_4,0,2020
Singapore River,Boat Quay,10_to_14,0,2020
Singapore River,Boat Quay,15_to_19,0,2020
Singapore River,Boat Quay,20_to_24,0,2020
Singapore River,Boat Quay,25_to_29,0,2020
Singapore River,Boat Quay,30_to_34,0,2020
Singapore River,Boat Quay,35_to_39,10,2020
Singapore River,Boat Quay,40_to_44,0,2020
Singapore River,Boat Quay,45_to_49,10,2020
Singapore River,Boat Quay,50_to_54,0,2020
Singapore River,Boat Quay,55_to_59,10,2020
Singapore River,Boat Quay,5_to_9,0,2020
Singapore River,Boat Quay,60_to_64,10,2020
Singapore River,Boat Quay,65_to_69,0,2020
Singapore River,Boat Quay,70_to_74,10,2020
Singapore River,Boat Quay,75_to_79,0,2020
Singapore River,Boat Quay,80_to_84,0,2020
Singapore River,Boat Quay,85_to_89,0,2020
Singapore River,Boat Quay,90_and_over,0,2020
Singapore River,Clarke Quay,0_to_4,0,2020
Singapore River,Clarke Quay,10_to_14,0,2020
Singapore River,Clarke Quay,15_to_19,0,2020
Singapore River,Clarke Quay,20_to_24,0,2020
Singapore River,Clarke Quay,25_to_29,0,2020
Singapore River,Clarke Quay,30_to_34,10,2020
Singapore River,Clarke Quay,35_to_39,10,2020
Singapore River,Clarke Quay,40_to_44,10,2020
Singapore River,Clarke Quay,45_to_49,10,2020
Singapore River,Clarke Quay,50_to_54,0,2020
Singapore River,Clarke Quay,55_to_59,10,2020
Singapore River,Clarke Quay,5_to_9,0,2020
Singapore River,Clarke Quay,60_to_64,0,2020
Singapore River,Clarke Quay,65_to_69,0,2020
Singapore River,Clarke Quay,70_to_74,0,2020
Singapore River,Clarke Quay,75_to_79,0,2020
Singapore River,Clarke Quay,80_to_84,0,2020
Singapore River,Clarke Quay,85_to_89,0,2020
Singapore River,Clarke Quay,90_and_over,10,2020
Singapore River,Robertson Quay,0_to_4,210,2020
Singapore River,Robertson Quay,10_to_14,180,2020
Singapore River,Robertson Quay,15_to_19,110,2020
Singapore River,Robertson Quay,20_to_24,90,2020
Singapore River,Robertson Quay,25_to_29,110,2020
Singapore River,Robertson Quay,30_to_34,170,2020
Singapore River,Robertson Quay,35_to_39,330,2020
Singapore River,Robertson Quay,40_to_44,390,2020
Singapore River,Robertson Quay,45_to_49,360,2020
Singapore River,Robertson Quay,50_to_54,250,2020
Singapore River,Robertson Quay,55_to_59,180,2020
Singapore River,Robertson Quay,5_to_9,240,2020
Singapore River,Robertson Quay,60_to_64,120,2020
Singapore River,Robertson Quay,65_to_69,90,2020
Singapore River,Robertson Quay,70_to_74,80,2020
Singapore River,Robertson Quay,75_to_79,40,2020
Singapore River,Robertson Quay,80_to_84,30,2020
Singapore River,Robertson Quay,85_to_89,0,2020
Singapore River,Robertson Quay,90_and_over,10,2020
Southern Islands,Sentosa,0_to_4,110,2020
Southern Islands,Sentosa,10_to_14,110,2020
Southern Islands,Sentosa,15_to_19,110,2020
Southern Islands,Sentosa,20_to_24,90,2020
Southern Islands,Sentosa,25_to_29,80,2020
Southern Islands,Sentosa,30_to_34,100,2020
Southern Islands,Sentosa,35_to_39,150,2020
Southern Islands,Sentosa,40_to_44,180,2020
Southern Islands,Sentosa,45_to_49,230,2020
Southern Islands,Sentosa,50_to_54,200,2020
Southern Islands,Sentosa,55_to_59,190,2020
Southern Islands,Sentosa,5_to_9,130,2020
Southern Islands,Sentosa,60_to_64,120,2020
Southern Islands,Sentosa,65_to_69,70,2020
Southern Islands,Sentosa,70_to_74,40,2020
Southern Islands,Sentosa,75_to_79,20,2020
Southern Islands,Sentosa,80_to_84,10,2020
Southern Islands,Sentosa,85_to_89,0,2020
Southern Islands,Sentosa,90_and_over,0,2020
Southern Islands,Southern Group,0_to_4,0,2020
Southern Islands,Southern Group,10_to_14,0,2020
Southern Islands,Southern Group,15_to_19,0,2020
Southern Islands,Southern Group,20_to_24,0,2020
Southern Islands,Southern Group,25_to_29,0,2020
Southern Islands,Southern Group,30_to_34,0,2020
Southern Islands,Southern Group,35_to_39,0,2020
Southern Islands,Southern Group,40_to_44,0,2020
Southern Islands,Southern Group,45_to_49,0,2020
Southern Islands,Southern Group,50_to_54,0,2020
Southern Islands,Southern Group,55_to_59,0,2020
Southern Islands,Southern Group,5_to_9,0,2020
Southern Islands,Southern Group,60_to_64,0,2020
Southern Islands,Southern Group,65_to_69,0,2020
Southern Islands,Southern Group,70_to_74,0,2020
Southern Islands,Southern Group,75_to_79,0,2020
Southern Islands,Southern Group,80_to_84,0,2020
Southern Islands,Southern Group,85_to_89,0,2020
Southern Islands,Southern Group,90_and_over,0,2020
Straits View,Straits View,0_to_4,0,2020
Straits View,Straits View,10_to_14,0,2020
Straits View,Straits View,15_to_19,0,2020
Straits View,Straits View,20_to_24,0,2020
Straits View,Straits View,25_to_29,0,2020
Straits View,Straits View,30_to_34,0,2020
Straits View,Straits View,35_to_39,0,2020
Straits View,Straits View,40_to_44,0,2020
Straits View,Straits View,45_to_49,0,2020
Straits View,Straits View,50_to_54,0,2020
Straits View,Straits View,55_to_59,0,2020
Straits View,Straits View,5_to_9,0,2020
Straits View,Straits View,60_to_64,0,2020
Straits View,Straits View,65_to_69,0,2020
Straits View,Straits View,70_to_74,0,2020
Straits View,Straits View,75_to_79,0,2020
Straits View,Straits View,80_to_84,0,2020
Straits View,Straits View,85_to_89,0,2020
Straits View,Straits View,90_and_over,0,2020
Sungei Kadut,Gali Batu,0_to_4,0,2020
Sungei Kadut,Gali Batu,10_to_14,0,2020
Sungei Kadut,Gali Batu,15_to_19,0,2020
Sungei Kadut,Gali Batu,20_to_24,0,2020
Sungei Kadut,Gali Batu,25_to_29,0,2020
Sungei Kadut,Gali Batu,30_to_34,0,2020
Sungei Kadut,Gali Batu,35_to_39,0,2020
Sungei Kadut,Gali Batu,40_to_44,0,2020
Sungei Kadut,Gali Batu,45_to_49,0,2020
Sungei Kadut,Gali Batu,50_to_54,0,2020
Sungei Kadut,Gali Batu,55_to_59,0,2020
Sungei Kadut,Gali Batu,5_to_9,0,2020
Sungei Kadut,Gali Batu,60_to_64,0,2020
Sungei Kadut,Gali Batu,65_to_69,0,2020
Sungei Kadut,Gali Batu,70_to_74,0,2020
Sungei Kadut,Gali Batu,75_to_79,0,2020
Sungei Kadut,Gali Batu,80_to_84,0,2020
Sungei Kadut,Gali Batu,85_to_89,0,2020
Sungei Kadut,Gali Batu,90_and_over,0,2020
Sungei Kadut,Kranji,0_to_4,0,2020
Sungei Kadut,Kranji,10_to_14,0,2020
Sungei Kadut,Kranji,15_to_19,0,2020
Sungei Kadut,Kranji,20_to_24,0,2020
Sungei Kadut,Kranji,25_to_29,0,2020
Sungei Kadut,Kranji,30_to_34,0,2020
Sungei Kadut,Kranji,35_to_39,0,2020
Sungei Kadut,Kranji,40_to_44,0,2020
Sungei Kadut,Kranji,45_to_49,0,2020
Sungei Kadut,Kranji,50_to_54,0,2020
Sungei Kadut,Kranji,55_to_59,0,2020
Sungei Kadut,Kranji,5_to_9,0,2020
Sungei Kadut,Kranji,60_to_64,0,2020
Sungei Kadut,Kranji,65_to_69,0,2020
Sungei Kadut,Kranji,70_to_74,0,2020
Sungei Kadut,Kranji,75_to_79,0,2020
Sungei Kadut,Kranji,80_to_84,0,2020
Sungei Kadut,Kranji,85_to_89,0,2020
Sungei Kadut,Kranji,90_and_over,0,2020
Sungei Kadut,Pang Sua,0_to_4,0,2020
Sungei Kadut,Pang Sua,10_to_14,0,2020
Sungei Kadut,Pang Sua,15_to_19,0,2020
Sungei Kadut,Pang Sua,20_to_24,0,2020
Sungei Kadut,Pang Sua,25_to_29,0,2020
Sungei Kadut,Pang Sua,30_to_34,0,2020
Sungei Kadut,Pang Sua,35_to_39,0,2020
Sungei Kadut,Pang Sua,40_to_44,0,2020
Sungei Kadut,Pang Sua,45_to_49,0,2020
Sungei Kadut,Pang Sua,50_to_54,0,2020
Sungei Kadut,Pang Sua,55_to_59,0,2020
Sungei Kadut,Pang Sua,5_to_9,0,2020
Sungei Kadut,Pang Sua,60_to_64,0,2020
Sungei Kadut,Pang Sua,65_to_69,0,2020
Sungei Kadut,Pang Sua,70_to_74,0,2020
Sungei Kadut,Pang Sua,75_to_79,0,2020
Sungei Kadut,Pang Sua,80_to_84,0,2020
Sungei Kadut,Pang Sua,85_to_89,0,2020
Sungei Kadut,Pang Sua,90_and_over,0,2020
Sungei Kadut,Reservoir View,0_to_4,0,2020
Sungei Kadut,Reservoir View,10_to_14,0,2020
Sungei Kadut,Reservoir View,15_to_19,0,2020
Sungei Kadut,Reservoir View,20_to_24,0,2020
Sungei Kadut,Reservoir View,25_to_29,0,2020
Sungei Kadut,Reservoir View,30_to_34,0,2020
Sungei Kadut,Reservoir View,35_to_39,0,2020
Sungei Kadut,Reservoir View,40_to_44,0,2020
Sungei Kadut,Reservoir View,45_to_49,0,2020
Sungei Kadut,Reservoir View,50_to_54,0,2020
Sungei Kadut,Reservoir View,55_to_59,0,2020
Sungei Kadut,Reservoir View,5_to_9,0,2020
Sungei Kadut,Reservoir View,60_to_64,0,2020
Sungei Kadut,Reservoir View,65_to_69,0,2020
Sungei Kadut,Reservoir View,70_to_74,0,2020
Sungei Kadut,Reservoir View,75_to_79,0,2020
Sungei Kadut,Reservoir View,80_to_84,0,2020
Sungei Kadut,Reservoir View,85_to_89,0,2020
Sungei Kadut,Reservoir View,90_and_over,0,2020
Sungei Kadut,Turf Club,0_to_4,20,2020
Sungei Kadut,Turf Club,10_to_14,20,2020
Sungei Kadut,Turf Club,15_to_19,30,2020
Sungei Kadut,Turf Club,20_to_24,50,2020
Sungei Kadut,Turf Club,25_to_29,50,2020
Sungei Kadut,Turf Club,30_to_34,40,2020
Sungei Kadut,Turf Club,35_to_39,40,2020
Sungei Kadut,Turf Club,40_to_44,40,2020
Sungei Kadut,Turf Club,45_to_49,40,2020
Sungei Kadut,Turf Club,50_to_54,50,2020
Sungei Kadut,Turf Club,55_to_59,50,2020
Sungei Kadut,Turf Club,5_to_9,30,2020
Sungei Kadut,Turf Club,60_to_64,60,2020
Sungei Kadut,Turf Club,65_to_69,40,2020
Sungei Kadut,Turf Club,70_to_74,40,2020
Sungei Kadut,Turf Club,75_to_79,20,2020
Sungei Kadut,Turf Club,80_to_84,40,2020
Sungei Kadut,Turf Club,85_to_89,20,2020
Sungei Kadut,Turf Club,90_and_over,0,2020
Tampines,Simei,0_to_4,1380,2020
Tampines,Simei,10_to_14,1960,2020
Tampines,Simei,15_to_19,2120,2020
Tampines,Simei,20_to_24,2650,2020
Tampines,Simei,25_to_29,3220,2020
Tampines,Simei,30_to_34,2550,2020
Tampines,Simei,35_to_39,2650,2020
Tampines,Simei,40_to_44,2850,2020
Tampines,Simei,45_to_49,3020,2020
Tampines,Simei,50_to_54,2960,2020
Tampines,Simei,55_to_59,3350,2020
Tampines,Simei,5_to_9,1710,2020
Tampines,Simei,60_to_64,3180,2020
Tampines,Simei,65_to_69,2450,2020
Tampines,Simei,70_to_74,1680,2020
Tampines,Simei,75_to_79,740,2020
Tampines,Simei,80_to_84,580,2020
Tampines,Simei,85_to_89,290,2020
Tampines,Simei,90_and_over,230,2020
Tampines,Tampines East,0_to_4,5400,2020
Tampines,Tampines East,10_to_14,5910,2020
Tampines,Tampines East,15_to_19,6680,2020
Tampines,Tampines East,20_to_24,9240,2020
Tampines,Tampines East,25_to_29,11060,2020
Tampines,Tampines East,30_to_34,9420,2020
Tampines,Tampines East,35_to_39,8860,2020
Tampines,Tampines East,40_to_44,8160,2020
Tampines,Tampines East,45_to_49,8370,2020
Tampines,Tampines East,50_to_54,9720,2020
Tampines,Tampines East,55_to_59,11350,2020
Tampines,Tampines East,5_to_9,5410,2020
Tampines,Tampines East,60_to_64,11320,2020
Tampines,Tampines East,65_to_69,8630,2020
Tampines,Tampines East,70_to_74,5540,2020
Tampines,Tampines East,75_to_79,2580,2020
Tampines,Tampines East,80_to_84,1870,2020
Tampines,Tampines East,85_to_89,1050,2020
Tampines,Tampines East,90_and_over,570,2020
Tampines,Tampines North,0_to_4,1160,2020
Tampines,Tampines North,10_to_14,280,2020
Tampines,Tampines North,15_to_19,240,2020
Tampines,Tampines North,20_to_24,230,2020
Tampines,Tampines North,25_to_29,1060,2020
Tampines,Tampines North,30_to_34,1630,2020
Tampines,Tampines North,35_to_39,730,2020
Tampines,Tampines North,40_to_44,440,2020
Tampines,Tampines North,45_to_49,290,2020
Tampines,Tampines North,50_to_54,300,2020
Tampines,Tampines North,55_to_59,250,2020
Tampines,Tampines North,5_to_9,540,2020
Tampines,Tampines North,60_to_64,270,2020
Tampines,Tampines North,65_to_69,240,2020
Tampines,Tampines North,70_to_74,240,2020
Tampines,Tampines North,75_to_79,90,2020
Tampines,Tampines North,80_to_84,90,2020
Tampines,Tampines North,85_to_89,70,2020
Tampines,Tampines North,90_and_over,50,2020
Tampines,Tampines West,0_to_4,3790,2020
Tampines,Tampines West,10_to_14,3800,2020
Tampines,Tampines West,15_to_19,4160,2020
Tampines,Tampines West,20_to_24,5350,2020
Tampines,Tampines West,25_to_29,6340,2020
Tampines,Tampines West,30_to_34,6320,2020
Tampines,Tampines West,35_to_39,5800,2020
Tampines,Tampines West,40_to_44,5360,2020
Tampines,Tampines West,45_to_49,5310,2020
Tampines,Tampines West,50_to_54,5650,2020
Tampines,Tampines West,55_to_59,6390,2020
Tampines,Tampines West,5_to_9,3770,2020
Tampines,Tampines West,60_to_64,6430,2020
Tampines,Tampines West,65_to_69,4940,2020
Tampines,Tampines West,70_to_74,3110,2020
Tampines,Tampines West,75_to_79,1420,2020
Tampines,Tampines West,80_to_84,970,2020
Tampines,Tampines West,85_to_89,540,2020
Tampines,Tampines West,90_and_over,270,2020
Tampines,Xilin,0_to_4,40,2020
Tampines,Xilin,10_to_14,60,2020
Tampines,Xilin,15_to_19,100,2020
Tampines,Xilin,20_to_24,160,2020
Tampines,Xilin,25_to_29,180,2020
Tampines,Xilin,30_to_34,110,2020
Tampines,Xilin,35_to_39,80,2020
Tampines,Xilin,40_to_44,80,2020
Tampines,Xilin,45_to_49,110,2020
Tampines,Xilin,50_to_54,140,2020
Tampines,Xilin,55_to_59,240,2020
Tampines,Xilin,5_to_9,60,2020
Tampines,Xilin,60_to_64,170,2020
Tampines,Xilin,65_to_69,110,2020
Tampines,Xilin,70_to_74,60,2020
Tampines,Xilin,75_to_79,20,2020
Tampines,Xilin,80_to_84,20,2020
Tampines,Xilin,85_to_89,10,2020
Tampines,Xilin,90_and_over,0,2020
Tanglin,Chatsworth,0_to_4,340,2020
Tanglin,Chatsworth,10_to_14,410,2020
Tanglin,Chatsworth,15_to_19,310,2020
Tanglin,Chatsworth,20_to_24,260,2020
Tanglin,Chatsworth,25_to_29,280,2020
Tanglin,Chatsworth,30_to_34,430,2020
Tanglin,Chatsworth,35_to_39,610,2020
Tanglin,Chatsworth,40_to_44,720,2020
Tanglin,Chatsworth,45_to_49,780,2020
Tanglin,Chatsworth,50_to_54,600,2020
Tanglin,Chatsworth,55_to_59,420,2020
Tanglin,Chatsworth,5_to_9,440,2020
Tanglin,Chatsworth,60_to_64,350,2020
Tanglin,Chatsworth,65_to_69,330,2020
Tanglin,Chatsworth,70_to_74,280,2020
Tanglin,Chatsworth,75_to_79,170,2020
Tanglin,Chatsworth,80_to_84,90,2020
Tanglin,Chatsworth,85_to_89,60,2020
Tanglin,Chatsworth,90_and_over,40,2020
Tanglin,Nassim,0_to_4,490,2020
Tanglin,Nassim,10_to_14,620,2020
Tanglin,Nassim,15_to_19,530,2020
Tanglin,Nassim,20_to_24,440,2020
Tanglin,Nassim,25_to_29,430,2020
Tanglin,Nassim,30_to_34,470,2020
Tanglin,Nassim,35_to_39,680,2020
Tanglin,Nassim,40_to_44,870,2020
Tanglin,Nassim,45_to_49,940,2020
Tanglin,Nassim,50_to_54,710,2020
Tanglin,Nassim,55_to_59,620,2020
Tanglin,Nassim,5_to_9,820,2020
Tanglin,Nassim,60_to_64,530,2020
Tanglin,Nassim,65_to_69,470,2020
Tanglin,Nassim,70_to_74,400,2020
Tanglin,Nassim,75_to_79,210,2020
Tanglin,Nassim,80_to_84,140,2020
Tanglin,Nassim,85_to_89,70,2020
Tanglin,Nassim,90_and_over,70,2020
Tanglin,Ridout,0_to_4,80,2020
Tanglin,Ridout,10_to_14,80,2020
Tanglin,Ridout,15_to_19,80,2020
Tanglin,Ridout,20_to_24,70,2020
Tanglin,Ridout,25_to_29,70,2020
Tanglin,Ridout,30_to_34,90,2020
Tanglin,Ridout,35_to_39,100,2020
Tanglin,Ridout,40_to_44,120,2020
Tanglin,Ridout,45_to_49,120,2020
Tanglin,Ridout,50_to_54,120,2020
Tanglin,Ridout,55_to_59,100,2020
Tanglin,Ridout,5_to_9,100,2020
Tanglin,Ridout,60_to_64,100,2020
Tanglin,Ridout,65_to_69,90,2020
Tanglin,Ridout,70_to_74,80,2020
Tanglin,Ridout,75_to_79,40,2020
Tanglin,Ridout,80_to_84,40,2020
Tanglin,Ridout,85_to_89,20,2020
Tanglin,Ridout,90_and_over,20,2020
Tanglin,Tyersall,0_to_4,160,2020
Tanglin,Tyersall,10_to_14,250,2020
Tanglin,Tyersall,15_to_19,190,2020
Tanglin,Tyersall,20_to_24,210,2020
Tanglin,Tyersall,25_to_29,230,2020
Tanglin,Tyersall,30_to_34,220,2020
Tanglin,Tyersall,35_to_39,240,2020
Tanglin,Tyersall,40_to_44,310,2020
Tanglin,Tyersall,45_to_49,360,2020
Tanglin,Tyersall,50_to_54,340,2020
Tanglin,Tyersall,55_to_59,300,2020
Tanglin,Tyersall,5_to_9,240,2020
Tanglin,Tyersall,60_to_64,260,2020
Tanglin,Tyersall,65_to_69,220,2020
Tanglin,Tyersall,70_to_74,160,2020
Tanglin,Tyersall,75_to_79,110,2020
Tanglin,Tyersall,80_to_84,80,2020
Tanglin,Tyersall,85_to_89,50,2020
Tanglin,Tyersall,90_and_over,20,2020
Tengah,Brickland,0_to_4,0,2020
Tengah,Brickland,10_to_14,0,2020
Tengah,Brickland,15_to_19,0,2020
Tengah,Brickland,20_to_24,0,2020
Tengah,Brickland,25_to_29,0,2020
Tengah,Brickland,30_to_34,0,2020
Tengah,Brickland,35_to_39,0,2020
Tengah,Brickland,40_to_44,0,2020
Tengah,Brickland,45_to_49,0,2020
Tengah,Brickland,50_to_54,0,2020
Tengah,Brickland,55_to_59,0,2020
Tengah,Brickland,5_to_9,0,2020
Tengah,Brickland,60_to_64,0,2020
Tengah,Brickland,65_to_69,0,2020
Tengah,Brickland,70_to_74,0,2020
Tengah,Brickland,75_to_79,0,2020
Tengah,Brickland,80_to_84,0,2020
Tengah,Brickland,85_to_89,0,2020
Tengah,Brickland,90_and_over,0,2020
Tengah,Forest Hill,0_to_4,0,2020
Tengah,Forest Hill,10_to_14,0,2020
Tengah,Forest Hill,15_to_19,0,2020
Tengah,Forest Hill,20_to_24,0,2020
Tengah,Forest Hill,25_to_29,0,2020
Tengah,Forest Hill,30_to_34,0,2020
Tengah,Forest Hill,35_to_39,0,2020
Tengah,Forest Hill,40_to_44,0,2020
Tengah,Forest Hill,45_to_49,0,2020
Tengah,Forest Hill,50_to_54,0,2020
Tengah,Forest Hill,55_to_59,0,2020
Tengah,Forest Hill,5_to_9,0,2020
Tengah,Forest Hill,60_to_64,0,2020
Tengah,Forest Hill,65_to_69,0,2020
Tengah,Forest Hill,70_to_74,0,2020
Tengah,Forest Hill,75_to_79,0,2020
Tengah,Forest Hill,80_to_84,0,2020
Tengah,Forest Hill,85_to_89,0,2020
Tengah,Forest Hill,90_and_over,0,2020
Tengah,Garden,0_to_4,0,2020
Tengah,Garden,10_to_14,0,2020
Tengah,Garden,15_to_19,0,2020
Tengah,Garden,20_to_24,0,2020
Tengah,Garden,25_to_29,0,2020
Tengah,Garden,30_to_34,0,2020
Tengah,Garden,35_to_39,0,2020
Tengah,Garden,40_to_44,0,2020
Tengah,Garden,45_to_49,0,2020
Tengah,Garden,50_to_54,0,2020
Tengah,Garden,55_to_59,0,2020
Tengah,Garden,5_to_9,0,2020
Tengah,Garden,60_to_64,0,2020
Tengah,Garden,65_to_69,0,2020
Tengah,Garden,70_to_74,0,2020
Tengah,Garden,75_to_79,0,2020
Tengah,Garden,80_to_84,0,2020
Tengah,Garden,85_to_89,0,2020
Tengah,Garden,90_and_over,0,2020
Tengah,Park,0_to_4,0,2020
Tengah,Park,10_to_14,0,2020
Tengah,Park,15_to_19,0,2020
Tengah,Park,20_to_24,0,2020
Tengah,Park,25_to_29,0,2020
Tengah,Park,30_to_34,0,2020
Tengah,Park,35_to_39,0,2020
Tengah,Park,40_to_44,0,2020
Tengah,Park,45_to_49,0,2020
Tengah,Park,50_to_54,0,2020
Tengah,Park,55_to_59,0,2020
Tengah,Park,5_to_9,0,2020
Tengah,Park,60_to_64,0,2020
Tengah,Park,65_to_69,0,2020
Tengah,Park,70_to_74,0,2020
Tengah,Park,75_to_79,0,2020
Tengah,Park,80_to_84,0,2020
Tengah,Park,85_to_89,0,2020
Tengah,Park,90_and_over,0,2020
Tengah,Plantation,0_to_4,0,2020
Tengah,Plantation,10_to_14,0,2020
Tengah,Plantation,15_to_19,0,2020
Tengah,Plantation,20_to_24,0,2020
Tengah,Plantation,25_to_29,0,2020
Tengah,Plantation,30_to_34,0,2020
Tengah,Plantation,35_to_39,0,2020
Tengah,Plantation,40_to_44,0,2020
Tengah,Plantation,45_to_49,0,2020
Tengah,Plantation,50_to_54,0,2020
Tengah,Plantation,55_to_59,0,2020
Tengah,Plantation,5_to_9,0,2020
Tengah,Plantation,60_to_64,0,2020
Tengah,Plantation,65_to_69,0,2020
Tengah,Plantation,70_to_74,0,2020
Tengah,Plantation,75_to_79,0,2020
Tengah,Plantation,80_to_84,0,2020
Tengah,Plantation,85_to_89,0,2020
Tengah,Plantation,90_and_over,0,2020
Tengah,Tengah Industrial Estate,0_to_4,0,2020
Tengah,Tengah Industrial Estate,10_to_14,0,2020
Tengah,Tengah Industrial Estate,15_to_19,0,2020
Tengah,Tengah Industrial Estate,20_to_24,0,2020
Tengah,Tengah Industrial Estate,25_to_29,0,2020
Tengah,Tengah Industrial Estate,30_to_34,0,2020
Tengah,Tengah Industrial Estate,35_to_39,0,2020
Tengah,Tengah Industrial Estate,40_to_44,0,2020
Tengah,Tengah Industrial Estate,45_to_49,0,2020
Tengah,Tengah Industrial Estate,50_to_54,0,2020
Tengah,Tengah Industrial Estate,55_to_59,0,2020
Tengah,Tengah Industrial Estate,5_to_9,0,2020
Tengah,Tengah Industrial Estate,60_to_64,0,2020
Tengah,Tengah Industrial Estate,65_to_69,0,2020
Tengah,Tengah Industrial Estate,70_to_74,0,2020
Tengah,Tengah Industrial Estate,75_to_79,0,2020
Tengah,Tengah Industrial Estate,80_to_84,0,2020
Tengah,Tengah Industrial Estate,85_to_89,0,2020
Tengah,Tengah Industrial Estate,90_and_over,0,2020
Toa Payoh,Bidadari,0_to_4,0,2020
Toa Payoh,Bidadari,10_to_14,0,2020
Toa Payoh,Bidadari,15_to_19,0,2020
Toa Payoh,Bidadari,20_to_24,0,2020
Toa Payoh,Bidadari,25_to_29,0,2020
Toa Payoh,Bidadari,30_to_34,0,2020
Toa Payoh,Bidadari,35_to_39,0,2020
Toa Payoh,Bidadari,40_to_44,0,2020
Toa Payoh,Bidadari,45_to_49,0,2020
Toa Payoh,Bidadari,50_to_54,0,2020
Toa Payoh,Bidadari,55_to_59,0,2020
Toa Payoh,Bidadari,5_to_9,0,2020
Toa Payoh,Bidadari,60_to_64,0,2020
Toa Payoh,Bidadari,65_to_69,0,2020
Toa Payoh,Bidadari,70_to_74,0,2020
Toa Payoh,Bidadari,75_to_79,0,2020
Toa Payoh,Bidadari,80_to_84,0,2020
Toa Payoh,Bidadari,85_to_89,0,2020
Toa Payoh,Bidadari,90_and_over,0,2020
Toa Payoh,Boon Teck,0_to_4,580,2020
Toa Payoh,Boon Teck,10_to_14,560,2020
Toa Payoh,Boon Teck,15_to_19,660,2020
Toa Payoh,Boon Teck,20_to_24,760,2020
Toa Payoh,Boon Teck,25_to_29,1000,2020
Toa Payoh,Boon Teck,30_to_34,1090,2020
Toa Payoh,Boon Teck,35_to_39,850,2020
Toa Payoh,Boon Teck,40_to_44,780,2020
Toa Payoh,Boon Teck,45_to_49,1030,2020
Toa Payoh,Boon Teck,50_to_54,1030,2020
Toa Payoh,Boon Teck,55_to_59,1190,2020
Toa Payoh,Boon Teck,5_to_9,580,2020
Toa Payoh,Boon Teck,60_to_64,1180,2020
Toa Payoh,Boon Teck,65_to_69,980,2020
Toa Payoh,Boon Teck,70_to_74,830,2020
Toa Payoh,Boon Teck,75_to_79,600,2020
Toa Payoh,Boon Teck,80_to_84,550,2020
Toa Payoh,Boon Teck,85_to_89,300,2020
Toa Payoh,Boon Teck,90_and_over,170,2020
Toa Payoh,Braddell,0_to_4,320,2020
Toa Payoh,Braddell,10_to_14,480,2020
Toa Payoh,Braddell,15_to_19,450,2020
Toa Payoh,Braddell,20_to_24,570,2020
Toa Payoh,Braddell,25_to_29,690,2020
Toa Payoh,Braddell,30_to_34,570,2020
Toa Payoh,Braddell,35_to_39,590,2020
Toa Payoh,Braddell,40_to_44,690,2020
Toa Payoh,Braddell,45_to_49,730,2020
Toa Payoh,Braddell,50_to_54,720,2020
Toa Payoh,Braddell,55_to_59,740,2020
Toa Payoh,Braddell,5_to_9,440,2020
Toa Payoh,Braddell,60_to_64,740,2020
Toa Payoh,Braddell,65_to_69,640,2020
Toa Payoh,Braddell,70_to_74,530,2020
Toa Payoh,Braddell,75_to_79,360,2020
Toa Payoh,Braddell,80_to_84,320,2020
Toa Payoh,Braddell,85_to_89,160,2020
Toa Payoh,Braddell,90_and_over,100,2020
Toa Payoh,Joo Seng,0_to_4,370,2020
Toa Payoh,Joo Seng,10_to_14,420,2020
Toa Payoh,Joo Seng,15_to_19,350,2020
Toa Payoh,Joo Seng,20_to_24,410,2020
Toa Payoh,Joo Seng,25_to_29,550,2020
Toa Payoh,Joo Seng,30_to_34,710,2020
Toa Payoh,Joo Seng,35_to_39,650,2020
Toa Payoh,Joo Seng,40_to_44,650,2020
Toa Payoh,Joo Seng,45_to_49,680,2020
Toa Payoh,Joo Seng,50_to_54,540,2020
Toa Payoh,Joo Seng,55_to_59,550,2020
Toa Payoh,Joo Seng,5_to_9,350,2020
Toa Payoh,Joo Seng,60_to_64,520,2020
Toa Payoh,Joo Seng,65_to_69,490,2020
Toa Payoh,Joo Seng,70_to_74,410,2020
Toa Payoh,Joo Seng,75_to_79,220,2020
Toa Payoh,Joo Seng,80_to_84,190,2020
Toa Payoh,Joo Seng,85_to_89,120,2020
Toa Payoh,Joo Seng,90_and_over,50,2020
Toa Payoh,Kim Keat,0_to_4,190,2020
Toa Payoh,Kim Keat,10_to_14,300,2020
Toa Payoh,Kim Keat,15_to_19,310,2020
Toa Payoh,Kim Keat,20_to_24,430,2020
Toa Payoh,Kim Keat,25_to_29,620,2020
Toa Payoh,Kim Keat,30_to_34,510,2020
Toa Payoh,Kim Keat,35_to_39,450,2020
Toa Payoh,Kim Keat,40_to_44,520,2020
Toa Payoh,Kim Keat,45_to_49,580,2020
Toa Payoh,Kim Keat,50_to_54,550,2020
Toa Payoh,Kim Keat,55_to_59,650,2020
Toa Payoh,Kim Keat,5_to_9,240,2020
Toa Payoh,Kim Keat,60_to_64,780,2020
Toa Payoh,Kim Keat,65_to_69,610,2020
Toa Payoh,Kim Keat,70_to_74,510,2020
Toa Payoh,Kim Keat,75_to_79,290,2020
Toa Payoh,Kim Keat,80_to_84,220,2020
Toa Payoh,Kim Keat,85_to_89,120,2020
Toa Payoh,Kim Keat,90_and_over,60,2020
Toa Payoh,Lorong 8 Toa Payoh,0_to_4,140,2020
Toa Payoh,Lorong 8 Toa Payoh,10_to_14,230,2020
Toa Payoh,Lorong 8 Toa Payoh,15_to_19,310,2020
Toa Payoh,Lorong 8 Toa Payoh,20_to_24,410,2020
Toa Payoh,Lorong 8 Toa Payoh,25_to_29,510,2020
Toa Payoh,Lorong 8 Toa Payoh,30_to_34,380,2020
Toa Payoh,Lorong 8 Toa Payoh,35_to_39,390,2020
Toa Payoh,Lorong 8 Toa Payoh,40_to_44,420,2020
Toa Payoh,Lorong 8 Toa Payoh,45_to_49,530,2020
Toa Payoh,Lorong 8 Toa Payoh,50_to_54,560,2020
Toa Payoh,Lorong 8 Toa Payoh,55_to_59,610,2020
Toa Payoh,Lorong 8 Toa Payoh,5_to_9,210,2020
Toa Payoh,Lorong 8 Toa Payoh,60_to_64,620,2020
Toa Payoh,Lorong 8 Toa Payoh,65_to_69,530,2020
Toa Payoh,Lorong 8 Toa Payoh,70_to_74,470,2020
Toa Payoh,Lorong 8 Toa Payoh,75_to_79,350,2020
Toa Payoh,Lorong 8 Toa Payoh,80_to_84,280,2020
Toa Payoh,Lorong 8 Toa Payoh,85_to_89,170,2020
Toa Payoh,Lorong 8 Toa Payoh,90_and_over,70,2020
Toa Payoh,Pei Chun,0_to_4,250,2020
Toa Payoh,Pei Chun,10_to_14,440,2020
Toa Payoh,Pei Chun,15_to_19,530,2020
Toa Payoh,Pei Chun,20_to_24,550,2020
Toa Payoh,Pei Chun,25_to_29,610,2020
Toa Payoh,Pei Chun,30_to_34,510,2020
Toa Payoh,Pei Chun,35_to_39,570,2020
Toa Payoh,Pei Chun,40_to_44,700,2020
Toa Payoh,Pei Chun,45_to_49,860,2020
Toa Payoh,Pei Chun,50_to_54,900,2020
Toa Payoh,Pei Chun,55_to_59,870,2020
Toa Payoh,Pei Chun,5_to_9,370,2020
Toa Payoh,Pei Chun,60_to_64,860,2020
Toa Payoh,Pei Chun,65_to_69,670,2020
Toa Payoh,Pei Chun,70_to_74,610,2020
Toa Payoh,Pei Chun,75_to_79,440,2020
Toa Payoh,Pei Chun,80_to_84,360,2020
Toa Payoh,Pei Chun,85_to_89,170,2020
Toa Payoh,Pei Chun,90_and_over,90,2020
Toa Payoh,Potong Pasir,0_to_4,350,2020
Toa Payoh,Potong Pasir,10_to_14,460,2020
Toa Payoh,Potong Pasir,15_to_19,510,2020
Toa Payoh,Potong Pasir,20_to_24,510,2020
Toa Payoh,Potong Pasir,25_to_29,720,2020
Toa Payoh,Potong Pasir,30_to_34,840,2020
Toa Payoh,Potong Pasir,35_to_39,810,2020
Toa Payoh,Potong Pasir,40_to_44,860,2020
Toa Payoh,Potong Pasir,45_to_49,920,2020
Toa Payoh,Potong Pasir,50_to_54,810,2020
Toa Payoh,Potong Pasir,55_to_59,830,2020
Toa Payoh,Potong Pasir,5_to_9,460,2020
Toa Payoh,Potong Pasir,60_to_64,990,2020
Toa Payoh,Potong Pasir,65_to_69,960,2020
Toa Payoh,Potong Pasir,70_to_74,790,2020
Toa Payoh,Potong Pasir,75_to_79,380,2020
Toa Payoh,Potong Pasir,80_to_84,260,2020
Toa Payoh,Potong Pasir,85_to_89,150,2020
Toa Payoh,Potong Pasir,90_and_over,50,2020
Toa Payoh,Sennett,0_to_4,420,2020
Toa Payoh,Sennett,10_to_14,340,2020
Toa Payoh,Sennett,15_to_19,360,2020
Toa Payoh,Sennett,20_to_24,320,2020
Toa Payoh,Sennett,25_to_29,590,2020
Toa Payoh,Sennett,30_to_34,770,2020
Toa Payoh,Sennett,35_to_39,560,2020
Toa Payoh,Sennett,40_to_44,510,2020
Toa Payoh,Sennett,45_to_49,550,2020
Toa Payoh,Sennett,50_to_54,390,2020
Toa Payoh,Sennett,55_to_59,420,2020
Toa Payoh,Sennett,5_to_9,370,2020
Toa Payoh,Sennett,60_to_64,430,2020
Toa Payoh,Sennett,65_to_69,370,2020
Toa Payoh,Sennett,70_to_74,320,2020
Toa Payoh,Sennett,75_to_79,180,2020
Toa Payoh,Sennett,80_to_84,150,2020
Toa Payoh,Sennett,85_to_89,90,2020
Toa Payoh,Sennett,90_and_over,80,2020
Toa Payoh,Toa Payoh Central,0_to_4,1070,2020
Toa Payoh,Toa Payoh Central,10_to_14,1380,2020
Toa Payoh,Toa Payoh Central,15_to_19,1290,2020
Toa Payoh,Toa Payoh Central,20_to_24,1490,2020
Toa Payoh,Toa Payoh Central,25_to_29,1800,2020
Toa Payoh,Toa Payoh Central,30_to_34,1690,2020
Toa Payoh,Toa Payoh Central,35_to_39,2000,2020
Toa Payoh,Toa Payoh Central,40_to_44,2340,2020
Toa Payoh,Toa Payoh Central,45_to_49,2340,2020
Toa Payoh,Toa Payoh Central,50_to_54,2120,2020
Toa Payoh,Toa Payoh Central,55_to_59,2030,2020
Toa Payoh,Toa Payoh Central,5_to_9,1430,2020
Toa Payoh,Toa Payoh Central,60_to_64,1930,2020
Toa Payoh,Toa Payoh Central,65_to_69,1500,2020
Toa Payoh,Toa Payoh Central,70_to_74,1340,2020
Toa Payoh,Toa Payoh Central,75_to_79,900,2020
Toa Payoh,Toa Payoh Central,80_to_84,770,2020
Toa Payoh,Toa Payoh Central,85_to_89,440,2020
Toa Payoh,Toa Payoh Central,90_and_over,230,2020
Toa Payoh,Toa Payoh West,0_to_4,570,2020
Toa Payoh,Toa Payoh West,10_to_14,500,2020
Toa Payoh,Toa Payoh West,15_to_19,540,2020
Toa Payoh,Toa Payoh West,20_to_24,600,2020
Toa Payoh,Toa Payoh West,25_to_29,880,2020
Toa Payoh,Toa Payoh West,30_to_34,1140,2020
Toa Payoh,Toa Payoh West,35_to_39,990,2020
Toa Payoh,Toa Payoh West,40_to_44,970,2020
Toa Payoh,Toa Payoh West,45_to_49,1090,2020
Toa Payoh,Toa Payoh West,50_to_54,980,2020
Toa Payoh,Toa Payoh West,55_to_59,1110,2020
Toa Payoh,Toa Payoh West,5_to_9,500,2020
Toa Payoh,Toa Payoh West,60_to_64,1100,2020
Toa Payoh,Toa Payoh West,65_to_69,950,2020
Toa Payoh,Toa Payoh West,70_to_74,920,2020
Toa Payoh,Toa Payoh West,75_to_79,630,2020
Toa Payoh,Toa Payoh West,80_to_84,600,2020
Toa Payoh,Toa Payoh West,85_to_89,290,2020
Toa Payoh,Toa Payoh West,90_and_over,150,2020
Toa Payoh,Woodleigh,0_to_4,100,2020
Toa Payoh,Woodleigh,10_to_14,180,2020
Toa Payoh,Woodleigh,15_to_19,160,2020
Toa Payoh,Woodleigh,20_to_24,140,2020
Toa Payoh,Woodleigh,25_to_29,190,2020
Toa Payoh,Woodleigh,30_to_34,150,2020
Toa Payoh,Woodleigh,35_to_39,200,2020
Toa Payoh,Woodleigh,40_to_44,190,2020
Toa Payoh,Woodleigh,45_to_49,220,2020
Toa Payoh,Woodleigh,50_to_54,200,2020
Toa Payoh,Woodleigh,55_to_59,160,2020
Toa Payoh,Woodleigh,5_to_9,130,2020
Toa Payoh,Woodleigh,60_to_64,160,2020
Toa Payoh,Woodleigh,65_to_69,130,2020
Toa Payoh,Woodleigh,70_to_74,80,2020
Toa Payoh,Woodleigh,75_to_79,30,2020
Toa Payoh,Woodleigh,80_to_84,20,2020
Toa Payoh,Woodleigh,85_to_89,20,2020
Toa Payoh,Woodleigh,90_and_over,0,2020
Tuas,Tengeh,0_to_4,0,2020
Tuas,Tengeh,10_to_14,0,2020
Tuas,Tengeh,15_to_19,0,2020
Tuas,Tengeh,20_to_24,0,2020
Tuas,Tengeh,25_to_29,0,2020
Tuas,Tengeh,30_to_34,0,2020
Tuas,Tengeh,35_to_39,0,2020
Tuas,Tengeh,40_to_44,0,2020
Tuas,Tengeh,45_to_49,0,2020
Tuas,Tengeh,50_to_54,0,2020
Tuas,Tengeh,55_to_59,0,2020
Tuas,Tengeh,5_to_9,0,2020
Tuas,Tengeh,60_to_64,0,2020
Tuas,Tengeh,65_to_69,0,2020
Tuas,Tengeh,70_to_74,0,2020
Tuas,Tengeh,75_to_79,0,2020
Tuas,Tengeh,80_to_84,0,2020
Tuas,Tengeh,85_to_89,0,2020
Tuas,Tengeh,90_and_over,0,2020
Tuas,Tuas Bay,0_to_4,0,2020
Tuas,Tuas Bay,10_to_14,0,2020
Tuas,Tuas Bay,15_to_19,0,2020
Tuas,Tuas Bay,20_to_24,0,2020
Tuas,Tuas Bay,25_to_29,0,2020
Tuas,Tuas Bay,30_to_34,0,2020
Tuas,Tuas Bay,35_to_39,0,2020
Tuas,Tuas Bay,40_to_44,0,2020
Tuas,Tuas Bay,45_to_49,0,2020
Tuas,Tuas Bay,50_to_54,0,2020
Tuas,Tuas Bay,55_to_59,0,2020
Tuas,Tuas Bay,5_to_9,0,2020
Tuas,Tuas Bay,60_to_64,0,2020
Tuas,Tuas Bay,65_to_69,0,2020
Tuas,Tuas Bay,70_to_74,0,2020
Tuas,Tuas Bay,75_to_79,0,2020
Tuas,Tuas Bay,80_to_84,0,2020
Tuas,Tuas Bay,85_to_89,0,2020
Tuas,Tuas Bay,90_and_over,0,2020
Tuas,Tuas North,0_to_4,0,2020
Tuas,Tuas North,10_to_14,0,2020
Tuas,Tuas North,15_to_19,0,2020
Tuas,Tuas North,20_to_24,0,2020
Tuas,Tuas North,25_to_29,0,2020
Tuas,Tuas North,30_to_34,0,2020
Tuas,Tuas North,35_to_39,0,2020
Tuas,Tuas North,40_to_44,0,2020
Tuas,Tuas North,45_to_49,0,2020
Tuas,Tuas North,50_to_54,0,2020
Tuas,Tuas North,55_to_59,0,2020
Tuas,Tuas North,5_to_9,0,2020
Tuas,Tuas North,60_to_64,0,2020
Tuas,Tuas North,65_to_69,0,2020
Tuas,Tuas North,70_to_74,0,2020
Tuas,Tuas North,75_to_79,0,2020
Tuas,Tuas North,80_to_84,0,2020
Tuas,Tuas North,85_to_89,0,2020
Tuas,Tuas North,90_and_over,0,2020
Tuas,Tuas Promenade,0_to_4,0,2020
Tuas,Tuas Promenade,10_to_14,0,2020
Tuas,Tuas Promenade,15_to_19,0,2020
Tuas,Tuas Promenade,20_to_24,0,2020
Tuas,Tuas Promenade,25_to_29,0,2020
Tuas,Tuas Promenade,30_to_34,0,2020
Tuas,Tuas Promenade,35_to_39,0,2020
Tuas,Tuas Promenade,40_to_44,0,2020
Tuas,Tuas Promenade,45_to_49,0,2020
Tuas,Tuas Promenade,50_to_54,0,2020
Tuas,Tuas Promenade,55_to_59,0,2020
Tuas,Tuas Promenade,5_to_9,0,2020
Tuas,Tuas Promenade,60_to_64,0,2020
Tuas,Tuas Promenade,65_to_69,0,2020
Tuas,Tuas Promenade,70_to_74,0,2020
Tuas,Tuas Promenade,75_to_79,0,2020
Tuas,Tuas Promenade,80_to_84,0,2020
Tuas,Tuas Promenade,85_to_89,0,2020
Tuas,Tuas Promenade,90_and_over,0,2020
Tuas,Tuas View,0_to_4,0,2020
Tuas,Tuas View,10_to_14,0,2020
Tuas,Tuas View,15_to_19,0,2020
Tuas,Tuas View,20_to_24,0,2020
Tuas,Tuas View,25_to_29,0,2020
Tuas,Tuas View,30_to_34,0,2020
Tuas,Tuas View,35_to_39,0,2020
Tuas,Tuas View,40_to_44,0,2020
Tuas,Tuas View,45_to_49,0,2020
Tuas,Tuas View,50_to_54,0,2020
Tuas,Tuas View,55_to_59,0,2020
Tuas,Tuas View,5_to_9,0,2020
Tuas,Tuas View,60_to_64,0,2020
Tuas,Tuas View,65_to_69,0,2020
Tuas,Tuas View,70_to_74,0,2020
Tuas,Tuas View,75_to_79,0,2020
Tuas,Tuas View,80_to_84,0,2020
Tuas,Tuas View,85_to_89,0,2020
Tuas,Tuas View,90_and_over,0,2020
Tuas,Tuas View Extension,0_to_4,0,2020
Tuas,Tuas View Extension,10_to_14,0,2020
Tuas,Tuas View Extension,15_to_19,0,2020
Tuas,Tuas View Extension,20_to_24,0,2020
Tuas,Tuas View Extension,25_to_29,0,2020
Tuas,Tuas View Extension,30_to_34,0,2020
Tuas,Tuas View Extension,35_to_39,0,2020
Tuas,Tuas View Extension,40_to_44,0,2020
Tuas,Tuas View Extension,45_to_49,0,2020
Tuas,Tuas View Extension,50_to_54,0,2020
Tuas,Tuas View Extension,55_to_59,0,2020
Tuas,Tuas View Extension,5_to_9,0,2020
Tuas,Tuas View Extension,60_to_64,0,2020
Tuas,Tuas View Extension,65_to_69,0,2020
Tuas,Tuas View Extension,70_to_74,0,2020
Tuas,Tuas View Extension,75_to_79,0,2020
Tuas,Tuas View Extension,80_to_84,0,2020
Tuas,Tuas View Extension,85_to_89,0,2020
Tuas,Tuas View Extension,90_and_over,0,2020
Western Islands,Jurong Island And Bukom,0_to_4,0,2020
Western Islands,Jurong Island And Bukom,10_to_14,0,2020
Western Islands,Jurong Island And Bukom,15_to_19,0,2020
Western Islands,Jurong Island And Bukom,20_to_24,0,2020
Western Islands,Jurong Island And Bukom,25_to_29,0,2020
Western Islands,Jurong Island And Bukom,30_to_34,0,2020
Western Islands,Jurong Island And Bukom,35_to_39,0,2020
Western Islands,Jurong Island And Bukom,40_to_44,0,2020
Western Islands,Jurong Island And Bukom,45_to_49,0,2020
Western Islands,Jurong Island And Bukom,50_to_54,0,2020
Western Islands,Jurong Island And Bukom,55_to_59,0,2020
Western Islands,Jurong Island And Bukom,5_to_9,0,2020
Western Islands,Jurong Island And Bukom,60_to_64,0,2020
Western Islands,Jurong Island And Bukom,65_to_69,0,2020
Western Islands,Jurong Island And Bukom,70_to_74,0,2020
Western Islands,Jurong Island And Bukom,75_to_79,0,2020
Western Islands,Jurong Island And Bukom,80_to_84,0,2020
Western Islands,Jurong Island And Bukom,85_to_89,0,2020
Western Islands,Jurong Island And Bukom,90_and_over,0,2020
Western Islands,Semakau,0_to_4,0,2020
Western Islands,Semakau,10_to_14,0,2020
Western Islands,Semakau,15_to_19,0,2020
Western Islands,Semakau,20_to_24,0,2020
Western Islands,Semakau,25_to_29,0,2020
Western Islands,Semakau,30_to_34,0,2020
Western Islands,Semakau,35_to_39,0,2020
Western Islands,Semakau,40_to_44,0,2020
Western Islands,Semakau,45_to_49,0,2020
Western Islands,Semakau,50_to_54,0,2020
Western Islands,Semakau,55_to_59,0,2020
Western Islands,Semakau,5_to_9,0,2020
Western Islands,Semakau,60_to_64,0,2020
Western Islands,Semakau,65_to_69,0,2020
Western Islands,Semakau,70_to_74,0,2020
Western Islands,Semakau,75_to_79,0,2020
Western Islands,Semakau,80_to_84,0,2020
Western Islands,Semakau,85_to_89,0,2020
Western Islands,Semakau,90_and_over,0,2020
Western Islands,Sudong,0_to_4,0,2020
Western Islands,Sudong,10_to_14,0,2020
Western Islands,Sudong,15_to_19,0,2020
Western Islands,Sudong,20_to_24,0,2020
Western Islands,Sudong,25_to_29,0,2020
Western Islands,Sudong,30_to_34,0,2020
Western Islands,Sudong,35_to_39,0,2020
Western Islands,Sudong,40_to_44,0,2020
Western Islands,Sudong,45_to_49,0,2020
Western Islands,Sudong,50_to_54,0,2020
Western Islands,Sudong,55_to_59,0,2020
Western Islands,Sudong,5_to_9,0,2020
Western Islands,Sudong,60_to_64,0,2020
Western Islands,Sudong,65_to_69,0,2020
Western Islands,Sudong,70_to_74,0,2020
Western Islands,Sudong,75_to_79,0,2020
Western Islands,Sudong,80_to_84,0,2020
Western Islands,Sudong,85_to_89,0,2020
Western Islands,Sudong,90_and_over,0,2020
Western Water Catchment,Bahar,0_to_4,0,2020
Western Water Catchment,Bahar,10_to_14,0,2020
Western Water Catchment,Bahar,15_to_19,0,2020
Western Water Catchment,Bahar,20_to_24,0,2020
Western Water Catchment,Bahar,25_to_29,0,2020
Western Water Catchment,Bahar,30_to_34,0,2020
Western Water Catchment,Bahar,35_to_39,0,2020
Western Water Catchment,Bahar,40_to_44,0,2020
Western Water Catchment,Bahar,45_to_49,0,2020
Western Water Catchment,Bahar,50_to_54,0,2020
Western Water Catchment,Bahar,55_to_59,0,2020
Western Water Catchment,Bahar,5_to_9,0,2020
Western Water Catchment,Bahar,60_to_64,0,2020
Western Water Catchment,Bahar,65_to_69,0,2020
Western Water Catchment,Bahar,70_to_74,0,2020
Western Water Catchment,Bahar,75_to_79,0,2020
Western Water Catchment,Bahar,80_to_84,0,2020
Western Water Catchment,Bahar,85_to_89,0,2020
Western Water Catchment,Bahar,90_and_over,0,2020
Western Water Catchment,Cleantech,0_to_4,0,2020
Western Water Catchment,Cleantech,10_to_14,0,2020
Western Water Catchment,Cleantech,15_to_19,0,2020
Western Water Catchment,Cleantech,20_to_24,0,2020
Western Water Catchment,Cleantech,25_to_29,0,2020
Western Water Catchment,Cleantech,30_to_34,0,2020
Western Water Catchment,Cleantech,35_to_39,0,2020
Western Water Catchment,Cleantech,40_to_44,0,2020
Western Water Catchment,Cleantech,45_to_49,0,2020
Western Water Catchment,Cleantech,50_to_54,0,2020
Western Water Catchment,Cleantech,55_to_59,0,2020
Western Water Catchment,Cleantech,5_to_9,0,2020
Western Water Catchment,Cleantech,60_to_64,0,2020
Western Water Catchment,Cleantech,65_to_69,0,2020
Western Water Catchment,Cleantech,70_to_74,0,2020
Western Water Catchment,Cleantech,75_to_79,0,2020
Western Water Catchment,Cleantech,80_to_84,0,2020
Western Water Catchment,Cleantech,85_to_89,0,2020
Western Water Catchment,Cleantech,90_and_over,0,2020
Western Water Catchment,Murai,0_to_4,30,2020
Western Water Catchment,Murai,10_to_14,20,2020
Western Water Catchment,Murai,15_to_19,20,2020
Western Water Catchment,Murai,20_to_24,130,2020
Western Water Catchment,Murai,25_to_29,40,2020
Western Water Catchment,Murai,30_to_34,30,2020
Western Water Catchment,Murai,35_to_39,60,2020
Western Water Catchment,Murai,40_to_44,70,2020
Western Water Catchment,Murai,45_to_49,40,2020
Western Water Catchment,Murai,50_to_54,40,2020
Western Water Catchment,Murai,55_to_59,50,2020
Western Water Catchment,Murai,5_to_9,50,2020
Western Water Catchment,Murai,60_to_64,50,2020
Western Water Catchment,Murai,65_to_69,10,2020
Western Water Catchment,Murai,70_to_74,0,2020
Western Water Catchment,Murai,75_to_79,0,2020
Western Water Catchment,Murai,80_to_84,0,2020
Western Water Catchment,Murai,85_to_89,0,2020
Western Water Catchment,Murai,90_and_over,0,2020
Woodlands,Greenwood Park,0_to_4,0,2020
Woodlands,Greenwood Park,10_to_14,0,2020
Woodlands,Greenwood Park,15_to_19,0,2020
Woodlands,Greenwood Park,20_to_24,0,2020
Woodlands,Greenwood Park,25_to_29,0,2020
Woodlands,Greenwood Park,30_to_34,0,2020
Woodlands,Greenwood Park,35_to_39,0,2020
Woodlands,Greenwood Park,40_to_44,0,2020
Woodlands,Greenwood Park,45_to_49,0,2020
Woodlands,Greenwood Park,50_to_54,0,2020
Woodlands,Greenwood Park,55_to_59,0,2020
Woodlands,Greenwood Park,5_to_9,0,2020
Woodlands,Greenwood Park,60_to_64,0,2020
Woodlands,Greenwood Park,65_to_69,0,2020
Woodlands,Greenwood Park,70_to_74,0,2020
Woodlands,Greenwood Park,75_to_79,0,2020
Woodlands,Greenwood Park,80_to_84,0,2020
Woodlands,Greenwood Park,85_to_89,0,2020
Woodlands,Greenwood Park,90_and_over,0,2020
Woodlands,Midview,0_to_4,1590,2020
Woodlands,Midview,10_to_14,1870,2020
Woodlands,Midview,15_to_19,2490,2020
Woodlands,Midview,20_to_24,3470,2020
Woodlands,Midview,25_to_29,3220,2020
Woodlands,Midview,30_to_34,2480,2020
Woodlands,Midview,35_to_39,2290,2020
Woodlands,Midview,40_to_44,2110,2020
Woodlands,Midview,45_to_49,2520,2020
Woodlands,Midview,50_to_54,3280,2020
Woodlands,Midview,55_to_59,2960,2020
Woodlands,Midview,5_to_9,1650,2020
Woodlands,Midview,60_to_64,2100,2020
Woodlands,Midview,65_to_69,1420,2020
Woodlands,Midview,70_to_74,830,2020
Woodlands,Midview,75_to_79,480,2020
Woodlands,Midview,80_to_84,300,2020
Woodlands,Midview,85_to_89,160,2020
Woodlands,Midview,90_and_over,100,2020
Woodlands,North Coast,0_to_4,300,2020
Woodlands,North Coast,10_to_14,470,2020
Woodlands,North Coast,15_to_19,650,2020
Woodlands,North Coast,20_to_24,980,2020
Woodlands,North Coast,25_to_29,1020,2020
Woodlands,North Coast,30_to_34,700,2020
Woodlands,North Coast,35_to_39,630,2020
Woodlands,North Coast,40_to_44,690,2020
Woodlands,North Coast,45_to_49,850,2020
Woodlands,North Coast,50_to_54,1040,2020
Woodlands,North Coast,55_to_59,1210,2020
Woodlands,North Coast,5_to_9,360,2020
Woodlands,North Coast,60_to_64,1030,2020
Woodlands,North Coast,65_to_69,800,2020
Woodlands,North Coast,70_to_74,660,2020
Woodlands,North Coast,75_to_79,330,2020
Woodlands,North Coast,80_to_84,220,2020
Woodlands,North Coast,85_to_89,130,2020
Woodlands,North Coast,90_and_over,60,2020
Woodlands,Senoko West,0_to_4,0,2020
Woodlands,Senoko West,10_to_14,0,2020
Woodlands,Senoko West,15_to_19,0,2020
Woodlands,Senoko West,20_to_24,0,2020
Woodlands,Senoko West,25_to_29,0,2020
Woodlands,Senoko West,30_to_34,0,2020
Woodlands,Senoko West,35_to_39,0,2020
Woodlands,Senoko West,40_to_44,0,2020
Woodlands,Senoko West,45_to_49,0,2020
Woodlands,Senoko West,50_to_54,0,2020
Woodlands,Senoko West,55_to_59,0,2020
Woodlands,Senoko West,5_to_9,0,2020
Woodlands,Senoko West,60_to_64,0,2020
Woodlands,Senoko West,65_to_69,0,2020
Woodlands,Senoko West,70_to_74,0,2020
Woodlands,Senoko West,75_to_79,0,2020
Woodlands,Senoko West,80_to_84,0,2020
Woodlands,Senoko West,85_to_89,0,2020
Woodlands,Senoko West,90_and_over,0,2020
Woodlands,Woodgrove,0_to_4,980,2020
Woodlands,Woodgrove,10_to_14,1740,2020
Woodlands,Woodgrove,15_to_19,2280,2020
Woodlands,Woodgrove,20_to_24,3330,2020
Woodlands,Woodgrove,25_to_29,3200,2020
Woodlands,Woodgrove,30_to_34,2070,2020
Woodlands,Woodgrove,35_to_39,1920,2020
Woodlands,Woodgrove,40_to_44,2170,2020
Woodlands,Woodgrove,45_to_49,2610,2020
Woodlands,Woodgrove,50_to_54,3300,2020
Woodlands,Woodgrove,55_to_59,3000,2020
Woodlands,Woodgrove,5_to_9,1330,2020
Woodlands,Woodgrove,60_to_64,2360,2020
Woodlands,Woodgrove,65_to_69,1510,2020
Woodlands,Woodgrove,70_to_74,940,2020
Woodlands,Woodgrove,75_to_79,480,2020
Woodlands,Woodgrove,80_to_84,360,2020
Woodlands,Woodgrove,85_to_89,180,2020
Woodlands,Woodgrove,90_and_over,100,2020
Woodlands,Woodlands East,0_to_4,4950,2020
Woodlands,Woodlands East,10_to_14,6030,2020
Woodlands,Woodlands East,15_to_19,6870,2020
Woodlands,Woodlands East,20_to_24,8040,2020
Woodlands,Woodlands East,25_to_29,7670,2020
Woodlands,Woodlands East,30_to_34,7530,2020
Woodlands,Woodlands East,35_to_39,7260,2020
Woodlands,Woodlands East,40_to_44,7460,2020
Woodlands,Woodlands East,45_to_49,8500,2020
Woodlands,Woodlands East,50_to_54,8050,2020
Woodlands,Woodlands East,55_to_59,7520,2020
Woodlands,Woodlands East,5_to_9,5290,2020
Woodlands,Woodlands East,60_to_64,5710,2020
Woodlands,Woodlands East,65_to_69,3670,2020
Woodlands,Woodlands East,70_to_74,2210,2020
Woodlands,Woodlands East,75_to_79,1050,2020
Woodlands,Woodlands East,80_to_84,730,2020
Woodlands,Woodlands East,85_to_89,380,2020
Woodlands,Woodlands East,90_and_over,170,2020
Woodlands,Woodlands Regional Centre,0_to_4,0,2020
Woodlands,Woodlands Regional Centre,10_to_14,0,2020
Woodlands,Woodlands Regional Centre,15_to_19,0,2020
Woodlands,Woodlands Regional Centre,20_to_24,0,2020
Woodlands,Woodlands Regional Centre,25_to_29,0,2020
Woodlands,Woodlands Regional Centre,30_to_34,0,2020
Woodlands,Woodlands Regional Centre,35_to_39,0,2020
Woodlands,Woodlands Regional Centre,40_to_44,0,2020
Woodlands,Woodlands Regional Centre,45_to_49,0,2020
Woodlands,Woodlands Regional Centre,50_to_54,0,2020
Woodlands,Woodlands Regional Centre,55_to_59,0,2020
Woodlands,Woodlands Regional Centre,5_to_9,0,2020
Woodlands,Woodlands Regional Centre,60_to_64,0,2020
Woodlands,Woodlands Regional Centre,65_to_69,0,2020
Woodlands,Woodlands Regional Centre,70_to_74,0,2020
Woodlands,Woodlands Regional Centre,75_to_79,0,2020
Woodlands,Woodlands Regional Centre,80_to_84,0,2020
Woodlands,Woodlands Regional Centre,85_to_89,0,2020
Woodlands,Woodlands Regional Centre,90_and_over,0,2020
Woodlands,Woodlands South,0_to_4,2110,2020
Woodlands,Woodlands South,10_to_14,2850,2020
Woodlands,Woodlands South,15_to_19,2980,2020
Woodlands,Woodlands South,20_to_24,3090,2020
Woodlands,Woodlands South,25_to_29,2630,2020
Woodlands,Woodlands South,30_to_34,2880,2020
Woodlands,Woodlands South,35_to_39,3440,2020
Woodlands,Woodlands South,40_to_44,3550,2020
Woodlands,Woodlands South,45_to_49,3590,2020
Woodlands,Woodlands South,50_to_54,3190,2020
Woodlands,Woodlands South,55_to_59,2610,2020
Woodlands,Woodlands South,5_to_9,2630,2020
Woodlands,Woodlands South,60_to_64,2020,2020
Woodlands,Woodlands South,65_to_69,1520,2020
Woodlands,Woodlands South,70_to_74,1000,2020
Woodlands,Woodlands South,75_to_79,470,2020
Woodlands,Woodlands South,80_to_84,290,2020
Woodlands,Woodlands South,85_to_89,160,2020
Woodlands,Woodlands South,90_and_over,50,2020
Woodlands,Woodlands West,0_to_4,1560,2020
Woodlands,Woodlands West,10_to_14,1520,2020
Woodlands,Woodlands West,15_to_19,1820,2020
Woodlands,Woodlands West,20_to_24,2580,2020
Woodlands,Woodlands West,25_to_29,3010,2020
Woodlands,Woodlands West,30_to_34,2520,2020
Woodlands,Woodlands West,35_to_39,2170,2020
Woodlands,Woodlands West,40_to_44,1930,2020
Woodlands,Woodlands West,45_to_49,2250,2020
Woodlands,Woodlands West,50_to_54,2730,2020
Woodlands,Woodlands West,55_to_59,2920,2020
Woodlands,Woodlands West,5_to_9,1320,2020
Woodlands,Woodlands West,60_to_64,2670,2020
Woodlands,Woodlands West,65_to_69,1950,2020
Woodlands,Woodlands West,70_to_74,1350,2020
Woodlands,Woodlands West,75_to_79,720,2020
Woodlands,Woodlands West,80_to_84,530,2020
Woodlands,Woodlands West,85_to_89,240,2020
Woodlands,Woodlands West,90_and_over,100,2020
Yishun,Khatib,0_to_4,310,2020
Yishun,Khatib,10_to_14,370,2020
Yishun,Khatib,15_to_19,460,2020
Yishun,Khatib,20_to_24,580,2020
Yishun,Khatib,25_to_29,930,2020
Yishun,Khatib,30_to_34,790,2020
Yishun,Khatib,35_to_39,640,2020
Yishun,Khatib,40_to_44,590,2020
Yishun,Khatib,45_to_49,640,2020
Yishun,Khatib,50_to_54,730,2020
Yishun,Khatib,55_to_59,1010,2020
Yishun,Khatib,5_to_9,330,2020
Yishun,Khatib,60_to_64,1040,2020
Yishun,Khatib,65_to_69,780,2020
Yishun,Khatib,70_to_74,510,2020
Yishun,Khatib,75_to_79,260,2020
Yishun,Khatib,80_to_84,140,2020
Yishun,Khatib,85_to_89,80,2020
Yishun,Khatib,90_and_over,40,2020
Yishun,Lower Seletar,0_to_4,2200,2020
Yishun,Lower Seletar,10_to_14,1170,2020
Yishun,Lower Seletar,15_to_19,940,2020
Yishun,Lower Seletar,20_to_24,780,2020
Yishun,Lower Seletar,25_to_29,1150,2020
Yishun,Lower Seletar,30_to_34,2740,2020
Yishun,Lower Seletar,35_to_39,2230,2020
Yishun,Lower Seletar,40_to_44,1490,2020
Yishun,Lower Seletar,45_to_49,1260,2020
Yishun,Lower Seletar,50_to_54,890,2020
Yishun,Lower Seletar,55_to_59,720,2020
Yishun,Lower Seletar,5_to_9,1700,2020
Yishun,Lower Seletar,60_to_64,540,2020
Yishun,Lower Seletar,65_to_69,350,2020
Yishun,Lower Seletar,70_to_74,250,2020
Yishun,Lower Seletar,75_to_79,120,2020
Yishun,Lower Seletar,80_to_84,100,2020
Yishun,Lower Seletar,85_to_89,20,2020
Yishun,Lower Seletar,90_and_over,20,2020
Yishun,Nee Soon,0_to_4,30,2020
Yishun,Nee Soon,10_to_14,60,2020
Yishun,Nee Soon,15_to_19,60,2020
Yishun,Nee Soon,20_to_24,50,2020
Yishun,Nee Soon,25_to_29,60,2020
Yishun,Nee Soon,30_to_34,60,2020
Yishun,Nee Soon,35_to_39,50,2020
Yishun,Nee Soon,40_to_44,60,2020
Yishun,Nee Soon,45_to_49,90,2020
Yishun,Nee Soon,50_to_54,90,2020
Yishun,Nee Soon,55_to_59,90,2020
Yishun,Nee Soon,5_to_9,50,2020
Yishun,Nee Soon,60_to_64,70,2020
Yishun,Nee Soon,65_to_69,50,2020
Yishun,Nee Soon,70_to_74,30,2020
Yishun,Nee Soon,75_to_79,40,2020
Yishun,Nee Soon,80_to_84,0,2020
Yishun,Nee Soon,85_to_89,20,2020
Yishun,Nee Soon,90_and_over,0,2020
Yishun,Northland,0_to_4,910,2020
Yishun,Northland,10_to_14,1340,2020
Yishun,Northland,15_to_19,1520,2020
Yishun,Northland,20_to_24,1900,2020
Yishun,Northland,25_to_29,2310,2020
Yishun,Northland,30_to_34,1990,2020
Yishun,Northland,35_to_39,1790,2020
Yishun,Northland,40_to_44,1920,2020
Yishun,Northland,45_to_49,1940,2020
Yishun,Northland,50_to_54,2110,2020
Yishun,Northland,55_to_59,2650,2020
Yishun,Northland,5_to_9,1040,2020
Yishun,Northland,60_to_64,2480,2020
Yishun,Northland,65_to_69,1790,2020
Yishun,Northland,70_to_74,1150,2020
Yishun,Northland,75_to_79,550,2020
Yishun,Northland,80_to_84,380,2020
Yishun,Northland,85_to_89,180,2020
Yishun,Northland,90_and_over,90,2020
Yishun,Springleaf,0_to_4,130,2020
Yishun,Springleaf,10_to_14,240,2020
Yishun,Springleaf,15_to_19,300,2020
Yishun,Springleaf,20_to_24,320,2020
Yishun,Springleaf,25_to_29,410,2020
Yishun,Springleaf,30_to_34,260,2020
Yishun,Springleaf,35_to_39,180,2020
Yishun,Springleaf,40_to_44,270,2020
Yishun,Springleaf,45_to_49,320,2020
Yishun,Springleaf,50_to_54,290,2020
Yishun,Springleaf,55_to_59,370,2020
Yishun,Springleaf,5_to_9,170,2020
Yishun,Springleaf,60_to_64,350,2020
Yishun,Springleaf,65_to_69,290,2020
Yishun,Springleaf,70_to_74,240,2020
Yishun,Springleaf,75_to_79,120,2020
Yishun,Springleaf,80_to_84,80,2020
Yishun,Springleaf,85_to_89,30,2020
Yishun,Springleaf,90_and_over,20,2020
Yishun,Yishun Central,0_to_4,100,2020
Yishun,Yishun Central,10_to_14,140,2020
Yishun,Yishun Central,15_to_19,120,2020
Yishun,Yishun Central,20_to_24,180,2020
Yishun,Yishun Central,25_to_29,210,2020
Yishun,Yishun Central,30_to_34,210,2020
Yishun,Yishun Central,35_to_39,210,2020
Yishun,Yishun Central,40_to_44,230,2020
Yishun,Yishun Central,45_to_49,220,2020
Yishun,Yishun Central,50_to_54,200,2020
Yishun,Yishun Central,55_to_59,210,2020
Yishun,Yishun Central,5_to_9,120,2020
Yishun,Yishun Central,60_to_64,170,2020
Yishun,Yishun Central,65_to_69,160,2020
Yishun,Yishun Central,70_to_74,80,2020
Yishun,Yishun Central,75_to_79,50,2020
Yishun,Yishun Central,80_to_84,30,2020
Yishun,Yishun Central,85_to_89,0,2020
Yishun,Yishun Central,90_and_over,0,2020
Yishun,Yishun East,0_to_4,4280,2020
Yishun,Yishun East,10_to_14,3290,2020
Yishun,Yishun East,15_to_19,2960,2020
Yishun,Yishun East,20_to_24,3310,2020
Yishun,Yishun East,25_to_29,4200,2020
Yishun,Yishun East,30_to_34,5440,2020
Yishun,Yishun East,35_to_39,6330,2020
Yishun,Yishun East,40_to_44,5060,2020
Yishun,Yishun East,45_to_49,4100,2020
Yishun,Yishun East,50_to_54,3850,2020
Yishun,Yishun East,55_to_59,4190,2020
Yishun,Yishun East,5_to_9,4410,2020
Yishun,Yishun East,60_to_64,3430,2020
Yishun,Yishun East,65_to_69,2580,2020
Yishun,Yishun East,70_to_74,1670,2020
Yishun,Yishun East,75_to_79,740,2020
Yishun,Yishun East,80_to_84,530,2020
Yishun,Yishun East,85_to_89,240,2020
Yishun,Yishun East,90_and_over,100,2020
Yishun,Yishun South,0_to_4,1930,2020
Yishun,Yishun South,10_to_14,1930,2020
Yishun,Yishun South,15_to_19,2100,2020
Yishun,Yishun South,20_to_24,2500,2020
Yishun,Yishun South,25_to_29,3590,2020
Yishun,Yishun South,30_to_34,3730,2020
Yishun,Yishun South,35_to_39,2940,2020
Yishun,Yishun South,40_to_44,2820,2020
Yishun,Yishun South,45_to_49,3020,2020
Yishun,Yishun South,50_to_54,2890,2020
Yishun,Yishun South,55_to_59,3690,2020
Yishun,Yishun South,5_to_9,1680,2020
Yishun,Yishun South,60_to_64,3240,2020
Yishun,Yishun South,65_to_69,2570,2020
Yishun,Yishun South,70_to_74,1750,2020
Yishun,Yishun South,75_to_79,820,2020
Yishun,Yishun South,80_to_84,610,2020
Yishun,Yishun South,85_to_89,330,2020
Yishun,Yishun South,90_and_over,180,2020
Yishun,Yishun West,0_to_4,1780,2020
Yishun,Yishun West,10_to_14,2440,2020
Yishun,Yishun West,15_to_19,2800,2020
Yishun,Yishun West,20_to_24,3400,2020
Yishun,Yishun West,25_to_29,3830,2020
Yishun,Yishun West,30_to_34,3590,2020
Yishun,Yishun West,35_to_39,3610,2020
Yishun,Yishun West,40_to_44,3820,2020
Yishun,Yishun West,45_to_49,4230,2020
Yishun,Yishun West,50_to_54,4340,2020
Yishun,Yishun West,55_to_59,4860,2020
Yishun,Yishun West,5_to_9,2000,2020
Yishun,Yishun West,60_to_64,4500,2020
Yishun,Yishun West,65_to_69,3580,2020
Yishun,Yishun West,70_to_74,2330,2020
Yishun,Yishun West,75_to_79,1280,2020
Yishun,Yishun West,80_to_84,890,2020
Yishun,Yishun West,85_to_89,470,2020
Yishun,Yishun West,90_and_over,230,2020
